Player,Games18,FB,PAINTPTS,TO_PTS,2ND_PTS,Q1PTS,Q2PTS,Q3PTS,Q4PTS,PPP
RJ Hunter,1,2,2,5,0,3,3,0,11,1.308
James Harden,78,3.08,11.05,5.38,2.81,9.62,8.92,9.55,7.56,1.476
LeBron James,54,5.33,13.56,4.19,2.76,6.35,6.78,6.78,7.37,1.379
Lou Williams,74,2.55,7.05,2.07,0.99,3.14,5.12,4.09,7.35,1.319
Giannis Antetokounmpo,72,4.68,17.47,3.92,2.94,6.06,6.94,7.28,7.29,1.599
Kemba Walker,82,2.88,8.39,3.29,1.67,6.18,6.15,6.37,6.71,1.248
JaKarr Sampson,4,2.5,10,3,3,1.5,7.75,4.25,6.5,1.481
Paul George,77,4.45,7.4,4.88,2.87,7.23,6.66,7.55,6.36,1.338
Devin Booker,64,4.31,10,3.66,1.63,7.95,5.22,6.89,6.19,1.355
Joel Embiid,64,1.53,13.06,3.31,4.14,7.44,7.83,5.89,6.19,1.469
Donovan Mitchell,77,2.31,10.1,3.3,1.6,4.96,5.84,6.82,6.05,1.195
Mike Conley,70,1.87,7.09,3.41,1.39,3.77,5.81,5.26,5.91,1.32
Bradley Beal,81,3.44,9.9,3.69,1.81,7,5.17,7.26,5.77,1.3
Jimmy Butler,65,2.6,8.22,2.58,2.02,3.91,4.74,4.32,5.65,1.344
Kawhi Leonard,60,3.92,9.87,4.23,2.3,6.27,6.78,7.57,5.57,1.414
Russell Westbrook,73,5.16,10.9,4.52,2.73,5.29,5.33,6.68,5.47,1.137
Karl-Anthony Towns,76,0.67,12.13,3.68,4.61,6.41,5.86,6.61,5.36,1.431
Terrence Ross,81,1.68,2.02,1.78,1,2.68,4.69,2.3,5.33,1.191
Trae Young,80,3,7.85,2.44,1.46,4.03,4.76,4.51,5.3,1.232
Zach LaVine,63,3.3,10.7,3.84,2.22,5.97,5.78,6.1,5.29,1.315
Kyrie Irving,67,3.57,8.66,3.36,1.78,7.06,4.63,6.46,5.25,1.286
Montrezl Harrell,81,1.98,12.86,2.02,3.51,2.91,5.41,3,5.14,1.537
Jrue Holiday,67,2.6,11.16,2.91,1.46,4.91,5.45,5.72,5.12,1.225
Anthony Davis,56,2.79,14.25,4.43,4.8,7.73,6.36,6.73,5.11,1.415
Jordan Clarkson,81,1.64,6.72,2.64,1.42,3.48,4.75,3.33,5.05,1.156
Julius Randle,72,2.29,13.19,3.06,3.15,5.83,5.43,5.01,5.04,1.432
CJ McCollum,70,2.7,6.97,2.51,1.77,6.14,3.93,5.69,4.99,1.181
Derrick Rose,51,2.1,8.31,2.16,1.33,4.71,3.82,4.39,4.94,1.218
Damian Lillard,80,2.64,7.83,3.46,1.76,6.91,4.2,9.45,4.93,1.348
John Collins,60,1.93,13,2.72,4.2,5.57,5.12,3.95,4.9,1.436
Dennis Schroder,79,2.46,5.92,2.24,1.03,2.87,3.99,3.75,4.86,1.109
Spencer Dinwiddie,68,1.44,6.59,2.26,1.5,2.72,4.22,4.72,4.79,1.38
Victor Oladipo,36,3.92,5.78,3.22,1.08,3.92,4.67,5.14,4.78,1.148
Blake Griffin,74,1.34,10.62,3.23,1.96,6.89,6.05,6.43,4.73,1.384
Luka Doncic,71,2.93,7.92,3.03,2.01,5.93,4.77,5.56,4.7,1.284
Klay Thompson,78,3.54,5.41,2.83,1.44,5.97,6.03,4.85,4.55,1.198
Kelly Oubre Jr.,69,2.83,6.99,2.9,1.91,2.88,4.28,3.26,4.55,1.243
Stephen Curry,69,4.59,5.59,3.84,2.46,7.41,6.71,8.38,4.54,1.404
Dwyane Wade,72,1.42,7.06,2.07,1.42,3.29,3.85,3.29,4.54,1.128
DeMar DeRozan,77,1.44,10.39,2.48,1.35,4.97,5.38,6.21,4.52,1.245
D'Angelo Russell,81,2.41,7.23,2.99,1.56,5.58,4.62,5.9,4.46,1.129
Kevin Durant,78,4.58,8.46,3.62,1.92,8.63,5.29,7.51,4.35,1.466
Walter Lemon Jr.,6,1.33,10,2,1.17,1.67,5.17,3.17,4.33,0.989
John Wall,32,3.09,9.38,3.59,0.91,5.5,5.22,5.22,4.31,1.201
Jamal Murray,74,2.11,6.54,2.19,1.57,4.12,4.61,4.93,4.27,1.156
Jabari Parker,63,1.87,7.71,1.65,1.46,2.67,4.81,2.76,4.16,1.243
Josh Richardson,73,1.64,4.93,2.55,1.26,4.84,3.34,4.1,4.16,1.178
Devin Robinson,7,0.57,4.57,0.29,0.86,0.57,0.29,1.71,4.14,1.469
Kadeem Allen,19,0.42,4.11,1.42,1.16,1.32,2.58,1.95,4.11,1.35
Bogdan Bogdanovic,69,1.7,4.81,1.97,1.2,2.74,4.36,2.72,4.1,1.144
Malik Beasley,81,2.3,3.7,2.09,1.05,2.15,2.94,2.15,4.09,1.243
LaMarcus Aldridge,81,0.8,10.3,2.23,3.49,6.01,5.44,5.59,4.05,1.309
Jonas Valanciunas,49,0.43,10.78,1.84,3.31,4.29,4.14,2.92,4.04,1.418
Buddy Hield,81,4.96,5.43,3.63,2.12,6.42,4.14,6.07,4.04,1.246
Eric Bledsoe,78,3.37,8.33,3.21,1.18,3.65,3.79,4.33,4,1.277
Dusty Hannahs,2,1,3,1,0,0,0,0,4,0.667
Tahjere McCall,1,0,4,4,0,0,0,0,4,1.333
Marcus Derrickson,11,0,0.36,0.73,1.18,0,0.18,0,4,1.394
Marvin Bagley III,61,1.82,9.08,2.39,3.46,3.95,3.36,3.66,3.93,1.3
Lauri Markkanen,52,1.65,7.19,2.31,2.25,4.63,4.54,5.33,3.92,1.225
Caris LeVert,40,1.23,7.75,2.43,1.18,3.3,3.9,2.58,3.88,1.133
Jaylen Brown,74,2.99,6.32,2.61,1.36,2.77,3.7,2.64,3.88,1.217
Chris Paul,58,1.05,3.76,2.72,1.6,3.29,4.34,4.09,3.84,1.258
DeMarcus Cousins,30,1.93,9.47,2.3,1.97,3.67,4.07,4.7,3.83,1.315
Domantas Sabonis,74,0.66,9.59,2.15,2.99,3.32,4.14,2.86,3.77,1.488
Danilo Gallinari,67,1.52,5.22,2.91,1.72,6.19,4.72,5.03,3.75,1.522
Nikola Jokic,79,0.63,11.75,2.01,3.85,6.37,4.73,5.04,3.75,1.338
Malik Monk,73,1.48,2.49,1.44,0.58,1.16,2.77,1.16,3.74,1.114
Tobias Harris,82,2.22,8.59,2.12,2.02,6.67,4.59,4.95,3.74,1.31
T.J. Warren,43,3.67,8.56,4,1.81,5.09,3,5.79,3.72,1.264
Antonio Blakeney,57,0.77,3.16,0.95,0.4,0.96,1.82,0.82,3.72,1.056
Collin Sexton,82,2.49,6.22,2.27,1.16,4.7,3.76,4.52,3.72,1.136
Andre Drummond,78,1.21,13.9,3.1,5.59,5.42,2.92,5.17,3.72,1.309
Gary Payton II,3,1.33,2.67,0.67,0,0,0,0,3.67,1.375
De'Aaron Fox,80,4.34,8.33,3.98,0.7,4.11,4.23,5.21,3.65,1.267
JJ Redick,76,2,2.05,2.09,1.43,5.21,4.88,4.04,3.63,1.336
Khris Middleton,77,2.21,5.69,2.18,1.04,5.3,4.57,4.79,3.61,1.226
Emmanuel Mudiay,59,1.97,6.61,2.1,1.31,3.08,3.61,4.2,3.61,1.178
Alan Williams,5,0,2.8,0,1.6,0,0,0,3.6,1.385
Bojan Bogdanovic,81,3.33,7.16,3.78,1.63,5.32,4.15,4.89,3.57,1.385
Deandre Ayton,71,0.89,11.77,2.27,3.27,4.79,4.46,3.35,3.56,1.332
Malcolm Brogdon,64,2.39,8.09,1.84,1.3,4.17,3.63,4.2,3.52,1.34
Billy Garrett,4,0,4,0,0,2,0.5,0.5,3.5,0.963
Malcolm Miller,10,0.5,0,0.3,0.4,0,0,0,3.5,1.346
Henry Ellenson,19,0.74,1.79,0.58,0.42,0.63,1,0.89,3.47,1.2
Allonzo Trier,64,1.5,4.16,1.69,0.86,1.72,3.47,2.17,3.42,1.342
Nikola Mirotic,46,2.04,4.22,2.09,1.89,3.8,3.83,4.02,3.39,1.286
Brandon Ingram,52,3.23,10.04,2.12,1.42,5.56,4.25,4.79,3.38,1.303
Nikola Vucevic,80,0.59,12.28,2.54,3.28,6.53,4.86,5.95,3.38,1.23
Clint Capela,67,2.36,14.15,2.01,3.51,4.69,5.07,3.4,3.37,1.522
Robert Covington,35,3.03,3.26,2.8,1.94,2.43,3.09,4.26,3.34,1.285
Ben Simmons,79,3.33,13.32,2.41,2.18,5.22,3.97,4.34,3.32,1.393
Reggie Jackson,81,1.4,4.69,2.15,0.9,4.58,3.2,3.91,3.3,1.207
Tyler Johnson,57,1.14,3.96,1.39,1,2.19,2.95,2.46,3.26,1.177
Harrison Barnes,76,1.43,5.5,1.89,1.36,4.5,3.49,5.08,3.26,1.235
Kevin Love,22,0.86,4.09,2.18,2.18,5.14,4.27,4.36,3.23,1.322
Jaren Jackson Jr.,58,1.34,8.24,2,1.6,4.29,3.24,2.97,3.22,1.355
Taurean Prince,54,2.26,3.93,1.83,1.13,3.44,3.91,3.02,3.2,1.241
Carmelo Anthony,10,1.1,3.2,0.9,1.2,5.1,1.7,3.4,3.2,1.107
Derrick White,67,1.21,4.78,1.4,0.64,2.03,2.48,2.1,3.19,1.221
Gerald Green,73,0.93,1.7,1.37,1.19,2,1.58,2.48,3.19,1.168
Jayson Tatum,79,2.59,6.3,3,1.67,4.63,3.7,4.11,3.16,1.2
Alex Caruso,24,1.13,3.92,2.21,1.08,1.29,2.92,2.04,3.13,1.324
Doug McDermott,77,0.94,2.55,0.83,0.74,0.74,2.86,0.61,3.12,1.333
Evan Fournier,81,1.7,5.85,2.12,1.15,4.27,3.57,4.07,3.11,1.147
Johnathan Motley,21,0.48,3.71,0.86,0.95,0.24,1.14,0.38,3.1,1.397
Luke Kennard,62,1.9,2.23,1.58,0.52,1.76,3.61,1.26,3.1,1.184
Bobby Portis,49,1.24,6.69,2.2,2.24,3.69,3.27,4.18,3.1,1.129
Seth Curry,74,0.89,1.41,1.27,0.91,0.92,3.16,0.64,3.08,1.249
Ish Smith,55,0.89,4.15,1.2,0.31,1.51,2.44,1.95,3.07,1.031
Shabazz Napier,56,1.14,2.46,0.96,0.75,1.63,2.39,2.36,3.07,1.216
Eric Gordon,68,1.88,4.71,2.16,1.43,4.51,4.41,4.09,3.06,1.176
Joe Harris,76,1.3,4.66,2.01,1.39,3.79,2.78,3.84,3.05,1.392
Jeremy Lin,74,1.65,4.03,1.66,0.51,2.26,2.05,2.19,3.05,1.309
Trey Burke,57,1.05,4.11,1.58,0.6,2.21,3.21,2.37,3.04,1.147
Danuel House Jr.,39,1.56,2.21,1.56,1.38,2.21,1.97,2.18,3.03,1.452
Tim Hardaway Jr.,65,2.46,4.43,2.8,1.52,5.17,4.48,5.29,3.02,1.182
Marcus Morris,75,1.29,4.11,2.17,1.55,3.69,3.07,4.15,3.01,1.239
Rudy Gobert,81,0.53,11.73,2.3,4.19,4.05,3.99,4.69,3.01,1.803
Isaiah Thomas,12,2.25,2.67,2.5,1.67,0.83,2.58,1.67,3,0.98
J.P. Macura,2,1,3,0,0,0,0,0,3,0.667
Kenneth Faried,37,0.73,7.68,1.97,2.51,1.97,3.03,2.38,3,1.449
Mitchell Creek,5,1.2,3.2,1.2,0.4,0.4,0,0.8,3,1.313
Tyreke Evans,69,2.35,4.32,2.03,0.62,1.88,3.12,2.28,2.96,1.07
Christian Wood,20,1.1,4.2,1,1,0.95,1.65,1.9,2.95,1.38
Kyle Kuzma,69,3.43,9.42,2.45,1.61,4.96,4.7,6.13,2.91,1.206
J.J. Barea,38,1.03,4.47,1.34,0.45,2.97,3.21,1.84,2.89,1.078
Tony Parker,56,0.73,4.79,1.07,0.68,1.36,3.88,1.29,2.89,1.145
Serge Ibaka,74,1.15,8.3,1.78,2.59,4.74,3.32,4,2.86,1.268
Gordon Hayward,72,1.96,4.42,2.06,0.96,2.54,3.14,2.82,2.86,1.299
Monte Morris,81,1.41,4.67,1.63,0.91,2.28,2.6,2.68,2.86,1.216
Goran Dragic,36,1.83,5.78,2.31,0.75,3.36,4.31,3.19,2.86,1.141
Jordan McRae,26,0.88,2.15,0.92,0.5,0.5,2.04,0.54,2.85,1.283
Kevin Knox,75,1.88,4.59,1.87,1.13,4.16,2.76,3.07,2.84,1.054
Bryn Forbes,82,1.78,2.46,1.57,0.9,3.15,2.93,2.8,2.83,1.223
Frank Kaminsky,47,0.47,3.62,1.17,0.89,1.34,2.62,1.83,2.83,1.359
Theo Pinson,18,0.67,1.33,0.89,0.39,0.11,0.83,0.72,2.83,1.11
Norman Powell,60,1.37,3.9,1.4,0.6,1.25,2.6,1.92,2.83,1.29
Mikal Bridges,82,1.77,3.1,2.4,0.82,1.49,2.13,1.9,2.82,1.215
Quinn Cook,74,1.27,1.84,0.85,0.49,0.86,1.99,1.23,2.8,1.159
Dwight Powell,76,0.72,6.42,1.17,1.5,2.04,3.13,2.43,2.79,1.658
Shaquille Harrison,73,1.29,4.33,1.47,0.45,0.88,1.4,1.4,2.79,1.113
Aaron Gordon,78,1.91,7.46,2.19,2.1,4.9,3.33,4.95,2.79,1.191
Jeff Green,76,1.32,4.45,1.79,1.21,2.45,3.93,3.17,2.79,1.377
Mario Hezonja,58,1.31,4.1,1.55,0.69,1.9,2.28,1.86,2.78,1.101
E'Twaun Moore,53,2.13,5.81,1.6,1.51,3,3.15,3.02,2.77,1.19
Grayson Allen,38,0.71,1.42,0.92,0.42,0.79,1.16,0.74,2.76,1.185
Joe Ingles,82,1.05,3.8,1.79,1.2,3.78,3.05,2.52,2.73,1.239
Aaron Holiday,50,0.88,1.72,0.96,0.28,0.68,1.7,0.78,2.72,1.122
Marco Belinelli,79,1.49,1.9,1.05,0.73,2.57,3.18,1.99,2.72,1.201
Derrick Favors,76,0.42,8.55,1.46,2.68,3.83,2.32,2.93,2.72,1.449
Frank Mason,38,1.11,2.37,0.71,0.42,0.76,0.97,0.68,2.71,1.154
Otto Porter Jr.,56,1.89,4.25,1.77,1.32,3.7,3.59,3.79,2.7,1.213
Isaiah Hicks,3,0,1.33,0.67,0,0,1.33,0,2.67,1.5
Zhaire Smith,6,0.33,2.33,1.33,0.67,2,1,1,2.67,1.176
Marc Gasol,79,0.71,5.04,1.89,1.2,3.78,3.43,3.52,2.65,1.231
Langston Galloway,79,0.87,1.47,1.19,0.92,1.13,3.05,1.61,2.65,1.15
Fred VanVleet,64,2.11,3.06,1.55,0.95,2.97,2.45,2.83,2.64,1.168
Jamal Crawford,64,0.86,1.41,1.03,0.39,0.66,2.94,1.64,2.64,1.16
Damyean Dotson,73,1.37,2.27,1.51,1.08,2.68,2.36,2.93,2.63,1.116
Kentavious Caldwell-Pope,81,2.64,2.74,2.09,0.94,2.63,3.48,2.49,2.62,1.23
Troy Williams,21,1.86,2.76,1.57,0.71,0.33,1.05,1.29,2.62,1.133
Delon Wright,75,1.71,4.93,1.56,0.95,1.75,2.79,1.53,2.61,1.17
Wayne Ellington,52,1.21,1.54,1.63,1.15,2.87,1.79,3,2.6,1.19
Willie Cauley-Stein,80,1.6,9.35,1.91,1.3,3.4,3.08,2.79,2.6,1.295
Shake Milton,20,0.55,1.5,1,0.4,0.35,0.7,0.7,2.6,1
Pascal Siakam,80,3.78,10.48,3.13,1.54,4.66,3.8,5.7,2.59,1.433
Darius Miller,68,0.88,0.65,1.07,0.5,1.57,2.38,1.56,2.59,1.18
Bam Adebayo,82,0.89,6.37,1.55,1.98,2.2,2.13,1.93,2.59,1.5
Markieff Morris,58,0.38,3.55,1.22,1.55,1.98,2.81,1.88,2.57,1.13
Dennis Smith Jr.,53,2.42,6.53,2.47,1.25,4,2.96,4.06,2.57,1.111
Jerami Grant,80,1.7,6.9,2.39,1.79,4.11,2.69,4.09,2.56,1.324
Ante Zizic,59,0.39,5.73,1.03,2.41,1.92,1.61,1.69,2.56,1.387
Dillon Brooks,18,0.72,3,1.89,0.39,2.33,1.33,1.28,2.56,1.107
Troy Daniels,51,0.53,0.82,0.82,0.57,0.65,1.35,1.65,2.55,1.156
Larry Nance Jr.,67,0.84,5.88,1.54,1.91,2.25,1.99,2.58,2.54,1.309
Trey Lyles,63,0.98,4.25,1.37,1.21,1.76,2.9,1.46,2.54,1.103
Al Horford,68,0.68,6.5,1.56,1.6,3.81,3.01,4.13,2.54,1.279
Kyle Lowry,65,2.48,3.48,2,1.15,3.32,3.83,4.38,2.51,1.253
Troy Caupain,4,0,0.5,0,0.75,0,0,0,2.5,1.25
Ricky Rubio,68,1.29,4.26,1.88,0.68,3.04,3.65,3.51,2.5,1.184
Chris Boucher,28,0.39,1.57,0.25,1.11,0.25,0.57,0,2.5,1.224
Wesley Matthews,69,1.04,2.72,1.41,1.38,3.38,3.2,3.1,2.49,1.202
Stanley Johnson,65,1.05,2.95,1.08,0.86,1.11,2.4,0.86,2.49,1.025
Pat Connaughton,61,0.89,2.98,0.67,1.03,0.92,1.98,1.51,2.49,1.203
Jae Crowder,80,1.73,2.95,1.75,1.04,3.41,2.65,3.35,2.48,1.193
Jusuf Nurkic,72,0.61,10.33,1.89,3.61,4.74,4.01,4.28,2.47,1.362
Kent Bazemore,66,2.32,4.27,2.61,1.24,2.79,3.64,2.86,2.47,1.134
Terry Rozier,79,2.04,2.94,1.41,0.77,1.66,2.96,1.85,2.46,1.065
Brandon Sampson,14,0.79,2.43,0.93,0.36,0.14,1.36,1.14,2.43,1.183
Josh Jackson,79,1.81,5.67,1.8,0.87,2.72,3.13,3.06,2.43,1.082
Jeff Teague,42,1.9,5.67,1.95,0.62,3.5,2.69,3.43,2.43,1.226
Johnathan Williams,23,1,5.39,0.78,1.91,1.13,1.35,1.52,2.43,1.407
Jordan Loyd,12,0.17,0.5,0.17,0.17,0,0,0,2.42,1.611
Kelly Olynyk,79,0.67,3.37,1.44,1.1,2.22,3.18,2.15,2.42,1.395
Dion Waiters,44,0.91,3.23,1.18,0.91,2.89,2.89,3.73,2.41,1.103
Dario Saric,80,1.05,3.93,1.4,1.66,2.84,2.5,2.76,2.4,1.224
Dewayne Dedmon,63,0.81,4.95,1.29,1.67,3.16,2.83,2.3,2.4,1.303
Lance Stephenson,67,0.93,2.24,0.94,0.9,1.43,1.91,1.4,2.4,1.139
Jalen Brunson,72,1.31,4.53,1.03,0.76,1.99,2.47,2.31,2.38,1.19
D.J. Augustin,81,1.31,3.8,1.65,0.84,2.73,2.96,3.6,2.38,1.4
Austin Rivers,76,0.87,3.26,1.82,0.5,1.97,2.14,1.53,2.38,1.08
Justin Jackson,80,1.4,2.65,1.09,1.03,1.7,1.68,1.51,2.38,1.21
Cedi Osman,76,1.78,5,1.62,1.17,3.8,2.76,4.11,2.37,1.174
Davis Bertans,76,1.11,1,0.92,0.49,1.68,2.09,1.79,2.37,1.338
Ben McLemore,19,1,0.42,0.63,0.16,0,1.26,0.32,2.37,1.172
Zach Collins,77,0.42,3.61,0.81,1.44,1.16,2,1.14,2.35,1.28
Alec Burks,64,0.63,3.41,1.05,1.16,1.95,2.25,2.22,2.34,1.184
Elfrid Payton,41,1.54,6.73,1.63,1.22,2.68,2.12,3.1,2.34,1.085
DeMarre Carroll,67,2,3.22,1.73,1.39,2.54,3.28,2.78,2.33,1.294
Dwayne Bacon,43,1.21,3.58,1,0.51,1.47,1.16,2.28,2.33,1.23
Frank Jackson,60,1.72,4.07,1.25,0.5,1.3,2.53,1.63,2.33,1.087
Demetrius Jackson,6,1.5,1.33,0.83,0.33,0,0.5,0.83,2.33,1.467
Scott Machado,3,0.67,1.33,0.67,0,0,0,0,2.33,1.75
Luol Deng,22,1.18,3.45,1.41,1.05,0.86,1.91,2.05,2.32,1.331
Thaddeus Young,81,1.25,9.41,2.51,2.6,3.26,3.79,3.28,2.31,1.218
Rodney Hood,72,1,3.39,1.49,0.61,2.94,3.08,2.74,2.31,1.2
Gary Harris,56,1.98,5.89,2.09,1.36,3.77,3.66,3.38,2.3,1.161
Andrew Wiggins,72,1.88,7.33,2.36,1.68,6.21,4.03,5.46,2.29,1.093
Thomas Bryant,71,0.73,6.85,1.2,2.1,3.3,1.72,2.97,2.28,1.517
Shelvin Mack,57,0.81,3.47,1.14,0.42,1.37,2.04,1.88,2.26,1.067
Rudy Gay,69,0.96,5.59,2.1,1.39,3.7,3.7,3.97,2.26,1.268
Rondae Hollis-Jefferson,59,1.05,6.07,1.39,1.17,1.78,2.31,2.53,2.25,1.082
Jodie Meeks,8,1,2.75,1.13,0.63,0,4.13,0,2.25,1.308
Jaylen Morris,4,0.75,1.5,1.25,0.5,0.25,0,0,2.25,1
Enes Kanter,67,0.73,10.48,1.54,4.16,3.63,4.12,3.63,2.25,1.34
JaVale McGee,74,1.24,10.24,1.16,2.28,3.34,3.18,3.08,2.23,1.392
Michael Beasley,26,0.42,5.08,1.08,0.65,0.92,2.35,1.46,2.23,1.183
Cameron Payne,40,0.58,2.8,0.98,0.55,1.28,1.4,1.3,2.23,1.121
Jerome Robinson,32,0.44,1.13,0.44,0.38,0.16,0.75,0.19,2.22,1.028
Luke Kornet,46,0.33,1.3,0.72,0.83,1.76,1.35,1.63,2.2,1.138
Kevin Huerter,74,1.54,3.41,1.77,0.89,2.62,2.76,2.05,2.2,1.115
Nik Stauskas,68,0.56,1.41,0.56,0.51,0.78,2.66,0.24,2.19,1.18
Justise Winslow,66,1.5,5.73,1.48,1.14,3.64,3.53,3.23,2.18,1.108
Dante Exum,42,0.74,3.9,1.33,0.5,1.52,1.33,1.83,2.17,1.195
Darren Collison,76,1.96,3.18,2.36,1.04,3.5,1.59,3.96,2.17,1.294
Jeremy Lamb,79,1.89,6.2,2.8,1.82,5.11,3.57,4.32,2.16,1.234
Jonas Jerebko,73,1.08,2.03,1.11,1.21,1.26,1.73,1.07,2.16,1.293
Raul Neto,37,0.65,2.7,1.11,0.05,0.57,1.46,1.14,2.14,1.217
Daryl Macon,8,0.25,0.75,0.25,0,0.38,0.25,0.75,2.13,1.074
Deyonta Davis,8,0.5,3.5,0.5,1.13,1.13,1,0,2.13,1.545
Marvin Williams,75,0.97,3.23,1.59,1.2,2.24,2.69,2.95,2.13,1.16
Furkan Korkmaz,48,1.1,1.88,1.25,0.67,1.25,1.35,1.08,2.13,1.139
Mo Bamba,47,0.13,3.28,1.09,1.26,0.89,2.43,0.77,2.13,1.202
Steven Adams,80,1.34,11.65,1.49,3.56,5,3.18,3.45,2.11,1.37
Dzanan Musa,9,0,1.56,0,0,0,0,0,2.11,0.864
Mitchell Robinson,66,0.38,6.09,1.15,2.79,1.74,1.82,1.68,2.11,1.667
Chasson Randle,48,0.52,1.75,1.13,0.58,1.13,1.44,0.79,2.1,1.23
Dorian Finney-Smith,80,1.28,3.5,1.16,1.54,1.63,2.24,1.55,2.1,1.149
Kris Dunn,46,1.48,5.91,1.54,0.43,3.41,2.46,3.11,2.09,1.026
Tomas Satoransky,79,1.08,4.2,1.53,1.05,2.37,2.35,1.95,2.09,1.348
Anthony Tolliver,64,0.7,0.44,0.83,0.5,0.5,1.61,0.83,2.08,1.278
Ian Clark,59,1.05,2.14,0.49,0.66,1.64,1.66,1.17,2.08,1.04
Allen Crabbe,43,1.44,1.26,1.12,0.77,2.93,2.35,2.16,2.07,1.107
Evan Turner,73,0.44,3.7,0.58,0.81,1.34,2.32,1.04,2.07,1.115
Cameron Reynolds,18,0.28,0.67,0.94,0.22,0.11,1.89,0.94,2.06,1.233
Jonathon Simmons,56,0.84,3,1.21,0.57,1.41,1.98,1.11,2.04,1.046
Rajon Rondo,45,0.96,4.76,1.62,0.82,2.71,1.98,2.49,2.04,0.981
Jake Layman,71,0.92,3.97,1.13,1,1.8,2,1.79,2.03,1.276
Alex Len,76,0.75,6.08,1.34,2.11,2.91,3.03,2.93,2.01,1.314
Kyle Korver,70,0.73,0.63,1.03,1,2.67,2.16,1.74,2,1.242
DJ Stephens,1,0,2,0,0,0,0,0,2,1
Michael Carter-Williams,28,0.5,2.57,0.46,0.54,0.39,1.21,1.18,2,1.089
DeAndre' Bembry,81,1.56,5.38,1.58,0.98,2.16,1.57,2.41,2,1.104
Joe Chealey,1,0,2,2,0,0,0,0,2,0.667
Reggie Bullock,63,1.02,1.78,1.38,0.89,4.08,1.97,3.16,2,1.197
Zhou Qi,1,0,2,0,0,0,0,0,2,2
Donatas Motiejunas,3,0,2,0,0,0,0,0,2,1
OG Anunoby,67,1.15,3.25,1.19,0.9,1.39,2.49,1.13,1.99,1.161
Sterling Brown,58,1.26,2.93,1.16,0.62,1.67,1.09,1.64,1.98,1.192
Harry Giles III,58,0.62,5.34,0.98,1.28,1.52,1.95,1.59,1.98,1.172
Brad Wanamaker,36,1.25,1.39,0.78,0.28,0.39,1.31,0.22,1.97,1.333
Isaiah Briscoe,39,0.44,1.74,0.33,0.05,0.44,0.79,0.28,1.97,0.986
Matthew Dellavedova,48,0.48,1.92,0.71,0.54,1.54,1.02,1.35,1.96,1.165
CJ Miles,53,0.94,1.17,0.74,0.32,1.36,2.11,0.96,1.96,1.09
Boban Marjanovic,56,0.3,5.14,1.21,2.43,1.89,1.7,1.95,1.96,1.623
Anfernee Simons,20,0.45,1.2,0.45,0.3,0.35,1,0.35,1.95,1.19
Alex Poythress,21,0.43,2.95,0.57,1.14,1.1,1.29,0.76,1.95,1.321
Lonnie Walker IV,17,0.47,0.94,0.35,0.12,0,0.59,0.12,1.94,0.978
Paul Millsap,69,0.94,6.64,1.87,2.45,4.07,3.03,3.54,1.94,1.333
Sam Dekker,47,1.17,4.04,1.57,1.02,1.19,2.19,0.79,1.94,1.121
Yuta Watanabe,15,0.73,1.47,0.87,0.4,0.27,0.4,0,1.93,0.765
Georges Niang,59,0.51,1.39,0.34,0.36,0.2,1.34,0.46,1.93,1.298
Gary Trent Jr.,15,0,0.53,0.4,0.2,0.27,0.13,0.33,1.93,0.8
David Nwaba,51,1.35,3.96,1.12,0.92,1.37,1.61,1.65,1.92,1.275
Amile Jefferson,12,0.33,1.67,0.5,0.67,0,0.33,0,1.92,1.688
Jarrett Allen,80,0.7,8.18,1.13,2.01,3.7,2.06,3.15,1.9,1.537
Khem Birch,50,0.46,3.56,0.68,1.04,0.52,1.86,0.52,1.9,1.589
Hassan Whiteside,72,0.54,10.22,1.65,4.04,4.33,2.65,3.43,1.9,1.304
Cristiano Felicio,60,0.33,3.03,0.52,1.1,0.73,0.85,0.52,1.9,1.341
Wade Baldwin IV,16,0.13,0.75,0,0,0,0,0,1.88,0.909
Tony Snell,74,1.03,2,0.96,0.57,0.88,2.26,0.99,1.88,1.23
Jon Leuer,40,0.25,2.7,0.65,0.63,0.45,1.18,0.4,1.88,1.381
Derrick Jones Jr.,60,1.08,4.3,1.72,1.77,1.53,2.52,1.1,1.88,1.302
DeAndre Jordan,69,0.88,8.26,1.3,2.96,3.32,2.7,3.03,1.88,1.7
Wayne Selden,75,0.95,2.75,1.16,0.52,1.73,2.07,1.17,1.85,1.064
Josh Hart,67,2.31,2.72,1.76,0.72,1.63,2.34,1.99,1.85,1.131
Patty Mills,82,1.41,1.9,1.6,0.7,3.17,2.09,2.72,1.85,1.223
Trevor Ariza,68,2.31,3.88,2.53,1.18,3.9,3.09,3.69,1.85,1.171
Mason Plumlee,81,0.49,6.12,0.77,1.33,2.06,2.09,1.74,1.85,1.441
Garrett Temple,74,1.86,2.59,1.97,0.38,1.69,2.05,2.09,1.85,1.182
Greg Monroe,43,0.33,4.05,0.65,1.74,1,1.49,1.02,1.84,1.217
Ivica Zubac,58,0.88,7,1.16,1.74,2.57,1.91,2.45,1.83,1.382
Andrew Harrison,17,0.29,1.18,0.76,0.18,0.41,0.59,0.35,1.82,1.019
JR Smith,11,0.55,1.27,1,0.45,1.82,1.18,1.91,1.82,0.937
Bruno Caboclo,34,0.5,2.65,1.29,1.44,2.35,1.79,2.32,1.82,1.253
Thon Maker,63,0.6,1.75,0.84,0.71,1.13,1.4,0.76,1.81,1.211
Cheick Diallo,63,0.7,4.29,0.79,1.08,1.24,1.35,1.63,1.81,1.436
Svi Mykhailiuk,42,0.55,0.52,0.43,0.14,0.24,0.71,0.4,1.81,0.957
Daniel Theis,66,0.2,3.3,0.73,1.42,1.26,1.47,1.14,1.8,1.406
Miles Bridges,80,0.81,4.1,1.19,1.23,1.76,1.84,2.01,1.8,1.168
Haywood Highsmith,5,0,1.2,0,0.4,0,0,0,1.8,0.9
Justin Holiday,82,1.77,2.27,1.91,0.8,3.15,2.84,2.51,1.79,1.103
Richaun Holmes,70,0.57,6.29,1.39,1.69,1.8,2.17,2.36,1.79,1.567
Brook Lopez,81,0.89,3.78,1.04,0.89,3.99,3.23,3.42,1.79,1.284
Josh Okogie,73,1.55,2.99,1.62,0.82,1.49,2.14,2.22,1.78,1.12
Marcus Smart,80,1.04,2.45,1.41,0.76,2.19,1.95,2.91,1.78,1.249
Kyle O'Quinn,45,0.18,1.6,0.36,0.76,0.4,0.69,0.6,1.78,1.147
Landry Shamet,79,1.34,1.42,1.42,0.78,2.25,2.39,2.73,1.76,1.296
Devin Harris,67,0.91,1.85,0.7,0.76,1.18,2.28,1.09,1.75,1.243
James Nunnally,15,0.13,0.53,0.33,0,0.27,0,0.2,1.73,1.059
Corey Brewer,30,1.2,2.4,0.87,0.37,1,1.47,0.7,1.73,1.225
James Ennis III,58,1.43,2.76,1.66,1.22,1.91,1.59,1.48,1.72,1.323
Tyus Jones,67,0.88,3.34,1.31,0.51,1.67,2,1.4,1.72,1.041
Damion Lee,32,0.88,1.06,0.69,0.53,0.59,1.38,1.25,1.72,1.244
Tyler Dorsey,48,1.13,2.13,0.92,0.44,1.23,1.54,1.56,1.71,1.121
Chandler Hutchison,44,1.36,3.41,1.14,0.64,1.14,1.25,1.11,1.7,1.096
Abdel Nader,61,0.74,1.87,0.8,0.46,0.54,0.97,0.69,1.7,1.121
JaMychal Green,64,0.91,4.19,1.5,1.98,2.7,2.58,2.41,1.7,1.284
Maxi Kleber,70,0.69,2.4,1.16,1.04,1.54,2.13,1.33,1.69,1.245
John Jenkins,26,0.35,0.54,0.42,0,0.58,1.88,0.5,1.69,1.152
Jalen Jones,16,0.69,1.88,1.25,1.25,0.75,1.44,1.19,1.69,1.306
Guerschon Yabusele,41,0.24,1.17,0.37,0.29,0.15,0.24,0.22,1.68,1.221
Nerlens Noel,77,0.26,3.82,0.77,1.42,0.91,1.39,0.94,1.68,1.37
Dirk Nowitzki,50,0.34,0.6,0.52,0.94,2,2.3,1.3,1.68,0.984
Cory Joseph,82,0.74,2.41,1.15,0.61,1.39,2.12,1.37,1.67,0.98
Mike Scott,79,0.91,1.24,0.59,0.52,1.19,1.99,0.96,1.67,1.093
Jerian Grant,60,0.58,0.83,0.82,0.32,0.67,1.03,0.8,1.67,1.136
Trevon Duval,3,0,0.67,0.67,0,0,0,0,1.67,1.667
Jerryd Bayless,33,0.52,1.52,0.85,0.33,0.64,2.39,1.12,1.67,0.909
Mike Muscala,64,1,1.28,1.13,0.89,1.8,1.44,2.11,1.67,1.244
PJ Dozier,6,0.5,2,0.33,1.5,0,0.67,0.83,1.67,0.905
Yogi Ferrell,70,1.36,1.83,0.99,0.31,0.83,2.3,1.11,1.66,1.197
Timothe Luwawu-Cabarrot,50,0.88,1.6,0.56,0.36,0.98,1.2,0.78,1.66,1.06
Jakob Poeltl,77,0.22,4.65,0.71,1.47,1.17,1,1.66,1.66,1.459
Meyers Leonard,61,0.38,2.46,0.44,0.69,1.08,1.77,1.34,1.66,1.475
Khyri Thomas,26,0.23,0.69,0.12,0.15,0,0.38,0.31,1.65,0.884
Thomas Welsh,11,0,0.36,0.27,0,0,0,0,1.64,1.385
Joakim Noah,42,0.55,5.05,1.38,1.21,1.6,1.9,1.95,1.64,1.399
Moritz Wagner,42,0.62,2.05,0.48,0.43,0.83,1.17,1.02,1.64,1.181
Bonzie Colson,8,1.13,1.75,0.38,1,1,1.63,0.63,1.63,1
Jaron Blossomgame,27,0.41,2.44,0.81,1.15,0.63,0.67,1.3,1.63,1.075
Ryan Broekhoff,41,0.44,0.78,0.41,0.56,0.61,1.02,0.54,1.63,1.289
Chimezie Metu,29,0.28,1.17,0.69,0.21,0,0,0.14,1.62,0.879
Myles Turner,74,0.8,5.49,2.2,1.46,4.85,2.58,4.2,1.62,1.262
Devonte' Graham,46,0.85,1.3,0.28,0.54,0.63,1.5,0.87,1.61,1.005
Lonzo Ball,47,2.19,4.21,1.89,1.23,2.94,2.32,2.87,1.6,1.02
Willy Hernangomez,58,0.43,4.59,0.66,2.12,2.02,1.5,2.09,1.6,1.422
Shai Gilgeous-Alexander,81,1.74,5.23,1.57,0.62,3.56,2.57,3.06,1.6,1.239
Rodions Kurucs,63,1.02,4.41,1.35,0.86,2.86,1.81,2.22,1.59,1.189
Al-Farouq Aminu,81,1.27,3.8,1.49,1.56,2.93,1.74,3.06,1.58,1.282
Robin Lopez,74,0.08,7.59,0.73,1.66,3.35,1.95,2.51,1.57,1.316
Gorgui Dieng,75,0.32,2.53,0.84,1,1.48,2.28,1.08,1.57,1.286
Will Barton,42,1.71,4.57,1.79,1.29,3.95,3.17,2.83,1.57,1.083
Omri Casspi,36,1.64,3.89,1.72,0.86,1.83,2.25,0.64,1.56,1.404
Salah Mejri,36,0.28,2.44,0.42,0.83,1.03,0.64,0.5,1.56,1.259
Ekpe Udoh,51,0.06,1.96,0.31,0.61,0.2,0.35,0.24,1.55,1.653
Jahlil Okafor,58,0.48,7.03,0.91,1.78,2.36,2.43,2,1.55,1.344
Jevon Carter,39,1.03,0.67,0.79,0.69,0.82,0.92,1.13,1.54,0.93
Ryan Arcidiacono,81,0.52,2.2,0.86,0.43,1.73,1.69,1.72,1.54,1.301
Elie Okobo,53,0.77,2.38,0.89,0.28,1.26,1.36,1.58,1.53,1.048
Kyle Anderson,43,1.58,5.77,1.56,1.05,2.19,1.91,2.37,1.53,1.254
George Hill,60,1.12,3.23,1.45,1.02,1.88,1.92,2.32,1.52,1.218
Patrick Beverley,77,1.14,2.03,1.16,0.55,2.12,1.95,1.95,1.51,1.238
Amir Johnson,51,0.25,2.55,0.53,0.76,0.8,0.76,0.86,1.51,1.28
Vince Carter,75,0.71,1.55,0.83,0.45,1.83,1.59,2.32,1.51,1.195
Marquese Chriss,43,0.42,2.33,0.88,0.79,0.93,0.67,0.88,1.51,1.011
Angel Delgado,2,0,1,0,0.5,0,0,0,1.5,0.6
Vincent Edwards,2,0,0,0,1.5,0,0,0,1.5,0.75
Melvin Frazier Jr.,10,0.6,1.2,0.6,0.2,0,0,0,1.5,0.714
Skal Labissiere,22,0.18,1.45,0.32,0.36,0.36,0.36,0.82,1.5,1.367
Jarred Vanderbilt,16,0,1.13,0.25,0.38,0,0,0,1.5,1.263
Troy Brown Jr.,51,0.75,2.27,0.94,0.51,1.08,1.04,1.14,1.49,1.08
Juancho Hernangomez,70,0.66,1.91,0.74,1.21,1.54,1.13,1.67,1.49,1.304
Alex Abrines,31,0.65,0.65,0.35,0.65,1.03,1.45,1.35,1.48,1.051
Jonathan Isaac,75,1.21,3.73,1.65,1.39,3.25,2.07,2.8,1.48,1.178
Drew Eubanks,23,0,1.22,0.09,0.09,0.09,0,0.22,1.48,1.577
Keita Bates-Diop,29,0.93,2.76,1.17,0.55,1.24,0.97,1.28,1.48,1.067
Noah Vonleh,68,0.35,4.44,1.22,1.4,2.76,2.13,2.03,1.47,1.298
Taj Gibson,70,1,7.54,1.89,2.83,3.67,2.39,3.19,1.46,1.402
Nicolas Batum,75,0.75,2.8,1.37,1.17,3.27,1.67,2.83,1.45,1.244
MarShon Brooks,29,0.86,3.45,0.9,0.83,1.72,2.48,0.9,1.45,1.124
Robert Williams III,31,0.32,2.26,0.71,0.45,0.19,0.48,0.48,1.45,1.588
Dwight Howard,9,0.89,8.67,2.33,2.78,5.78,2.44,3.11,1.44,1.667
Brandon Goodwin,16,0.31,0.5,0.69,0.13,0,0,0,1.44,1
Tristan Thompson,43,0.49,8.79,1.49,3.67,3.4,2.81,3.28,1.44,1.237
Jarell Martin,42,0.38,0.76,0.29,0.21,0.36,0.67,0.29,1.43,1.106
Justin Anderson,47,0.77,1.66,0.68,0.57,0.64,0.91,0.68,1.43,1.122
Semi Ojeleye,56,0.79,1.29,0.55,0.63,0.59,0.79,0.52,1.43,1.177
James Johnson,55,0.4,3.89,1.04,0.45,2.29,1.44,2.64,1.42,1.129
D.J. Wilson,48,0.54,2.04,1.13,0.96,1.35,1.52,1.5,1.42,1.116
Markelle Fultz,19,1.37,5.37,0.89,1.05,2.11,2.11,2.53,1.42,1
Jonah Bolden,44,0.7,2.05,0.36,1.09,1.52,0.93,0.84,1.41,1.278
Rodney McGruder,66,0.76,3.03,0.92,1.15,1.83,1.7,2.68,1.41,1.091
Kenrich Williams,45,1.44,2.27,0.89,0.47,1.51,1.27,1.78,1.4,1
Hamidou Diallo,51,1.1,2.67,0.98,0.67,0.22,1.75,0.37,1.39,1.152
Michael Kidd-Gilchrist,64,0.81,3.72,1.3,1.28,2.06,1.33,1.89,1.39,1.286
Edmond Sumner,23,0.39,1.13,0.61,0.43,0.57,0.83,0.09,1.39,1.031
Wendell Carter Jr.,44,0.66,6.45,1.48,1.66,3.57,1.95,3.39,1.39,1.226
Torrey Craig,74,1.26,2.51,1.15,1,1.61,1.32,1.5,1.38,1.194
Shaun Livingston,64,0.55,2.53,0.55,0.55,0.39,1.77,0.5,1.38,1.229
Danny Green,80,2.24,1.73,1.54,1.08,3.54,1.95,3.28,1.36,1.303
Raymond Felton,33,0.73,1.27,0.79,0.52,0.33,1.91,0.7,1.36,1.052
Nemanja Bjelica,76,1.38,4.47,1.14,2.08,3.42,2.34,2.53,1.36,1.249
Channing Frye,36,0,0.33,0.22,0.42,0.72,0.69,0.81,1.36,1.103
Tyrone Wallace,61,0.8,2.52,0.89,0.3,0.21,1.41,0.46,1.36,1
Omari Spellman,46,0.46,2.17,0.78,1.13,1.33,1.91,1.33,1.35,1.115
Jordan Bell,68,0.51,2.26,0.34,0.5,0.38,0.79,0.75,1.35,1.161
Cody Zeller,49,0.73,7.39,1.78,1.59,2.96,3.18,2.65,1.35,1.441
Jason Smith,20,0,0.9,0.1,0.4,0.65,0.9,0.35,1.35,1.102
Treveon Graham,35,0.37,1.2,0.31,0.63,1,1.03,1.8,1.34,0.963
Glenn Robinson III,47,0.74,1.83,1,0.21,1.13,0.96,0.74,1.34,1.125
Tony Bradley,3,0.67,5.33,0.67,2,1.33,0.33,2,1.33,1.063
Ivan Rabb,49,0.45,4.08,0.78,1.39,1.43,1.86,1.18,1.33,1.34
Jimmer Fredette,6,0.33,2,0.67,0,0,1.67,0.67,1.33,0.759
Dairis Bertans,12,0.25,0,0,0,0,1.25,0.25,1.33,0.723
Justin Patton,3,0,1.33,0,0,0,0,0.33,1.33,0.714
T.J. McConnell,76,0.87,3.53,0.78,0.51,1.66,1.59,1.76,1.32,1.15
Quincy Pondexter,53,0.26,0.79,0.32,0.11,0.08,0.28,0.17,1.32,1.69
Tim Frazier,59,0.85,2.17,0.59,0.41,1.14,1.46,1.32,1.31,1.188
Alfonzo McKinnie,72,0.9,2.39,0.6,0.86,0.9,1.33,1.14,1.31,1.221
Deonte Burton,32,0.31,1.38,0.63,0.06,0.19,0.94,0.16,1.28,1
Wilson Chandler,50,1.28,1.68,0.74,0.68,1.8,1.74,1.18,1.26,1.128
Draymond Green,66,1.41,3.91,1,0.67,1.79,2.14,2.11,1.26,1.152
Andre Iguodala,68,1.24,2.79,1.18,0.41,1.06,2.06,1.32,1.24,1.288
De'Anthony Melton,50,0.94,2.56,0.94,0.44,1.24,0.94,1.5,1.24,0.977
Jared Terrell,13,0.08,0.46,0.23,0.54,0.23,0.08,0.85,1.23,0.795
Lorenzo Brown,26,0.31,1.08,0.42,0,0.27,0.38,0.23,1.23,0.775
Ed Davis,81,0.09,4.59,0.7,2.44,1.3,2.36,0.95,1.22,1.563
Thabo Sefolosha,50,0.66,1.24,0.92,0.22,0.2,1.96,0.42,1.22,1.275
Ersan Ilyasova,67,0.87,2.84,0.91,1.36,2.12,1.61,1.75,1.21,1.189
C.J. Williams,14,0.29,1,0.43,0.21,0.14,1.21,0.21,1.21,1.147
Dragan Bender,46,0.57,2.87,0.93,1.11,1.5,1.24,0.96,1.17,1.168
TJ Leaf,58,0.67,2.97,0.57,1,0.59,1.72,0.41,1.16,1.229
Courtney Lee,34,0.5,1.12,0.65,0.12,1.06,1,0.79,1.15,1.054
Frank Ntilikina,43,0.4,1.95,0.65,0.35,1.63,1.53,1.42,1.14,0.872
Avery Bradley,63,1.16,2.38,1.46,1.03,3.44,2.13,3.14,1.13,1.028
Isaiah Canaan,30,0.7,1.47,0.93,0.47,2,1.47,1.43,1.13,1.104
Kevon Looney,80,0.41,4.83,0.65,1.79,2.15,0.95,2.03,1.13,1.441
Pau Gasol,30,0.17,1.87,0.37,0.63,1.33,0.63,0.83,1.13,1.255
Royce O'Neale,82,1.16,2.27,1.06,0.17,1.2,1.67,1.21,1.12,1.242
Jared Dudley,59,0.47,1.29,0.73,0.85,0.81,1.27,1.53,1.12,1.201
Terrance Ferguson,74,1.53,1.89,1.28,0.85,2.36,1.59,1.81,1.12,1.19
Caleb Swanigan,21,0.19,1.52,0.29,0.48,0.14,0.71,0.1,1.1,0.811
Zaza Pachulia,67,0.24,2,0.52,0.88,0.72,1.6,0.55,1.09,1.387
PJ Tucker,82,1.04,1.39,1.37,0.8,2.3,1.8,2.06,1.09,1.149
Duncan Robinson,15,0.8,0.8,0.67,0.47,0,1.2,1.07,1.07,1.087
Wes Iwundu,68,1.04,1.91,1.01,0.76,1.49,0.99,1.44,1.07,1.237
Iman Shumpert,62,1.55,1.23,1.6,0.69,2.58,1.97,1.89,1.06,1.043
Patrick Patterson,63,0.52,0.95,0.7,0.41,0.51,1.59,0.48,1.06,1.046
Miles Plumlee,18,0.11,3.56,0.44,0.67,0.94,1.28,1.17,1.06,1.667
Malachi Richardson,22,0.41,0.09,0.27,0.09,0,0.14,0.18,1.05,1.034
Dante Cunningham,64,0.16,1.28,0.3,0.72,0.7,0.8,0.48,1.05,1.228
Gary Clark,51,0.24,0.35,0.39,0.53,0.45,0.75,0.67,1.04,0.98
Brandon Knight,39,0.69,1.64,1.05,0.18,1.97,2.72,1.1,1.03,1.023
Yante Maten,2,1,1,1,0,0,0,0,1,0.5
Emanuel Terry,3,0.33,2.67,1.67,1,0,2,0.33,1,1.429
Jemerrio Jones,6,1.83,3.33,1.33,1.67,0,1.83,1.67,1,0.818
DeVaughn Akoon-Purcell,7,0,0.86,0,0,0,0,0,1,0.7
Rawle Alkins,10,0.9,2,0.7,0.9,1.1,0.6,1,1,0.949
Kostas Antetokounmpo,2,0,0,0,0,0,0,0,1,0.667
Ian Mahinmi,34,0.18,2.59,0.62,1.12,1.26,1.38,0.44,1,1.337
Terrence Jones,2,0,1,0,0,0,0,0,1,0.5
Deng Adel,19,0,0.32,0.26,0.11,0,0.26,0.47,0.95,0.889
Maurice Harkless,60,0.83,5.07,1.68,1.42,2.22,2,2.38,0.93,1.186
Udonis Haslem,10,0,1.2,0.2,0.6,0.8,0.4,0.4,0.9,0.758
Donte DiVincenzo,27,1.37,2,0.78,0.63,1.11,1.41,1.44,0.89,1.056
Aron Baynes,51,0.24,2.98,0.75,1.55,2.08,1.37,1.24,0.88,1.274
Milos Teodosic,15,0,0.53,0,0.2,0.2,1.73,0.4,0.87,1.2
Nene,42,0.19,2.19,0.57,0.48,0.86,0.88,0.98,0.86,1.302
BJ Johnson,7,1.29,0.86,0.86,0,1.29,0.43,0.71,0.86,1.278
Chris Chiozza,7,0,0,0.43,0,0,0,0,0.86,0.75
Kosta Koufos,41,0.24,3.27,0.41,0.98,1.17,1.2,0.49,0.85,1
Tyler Lydon,25,0.12,0.4,0.16,0.28,0,0.08,0,0.84,1.278
Patrick McCaw,29,0.69,1.1,0.24,0.14,0.1,1.24,0.38,0.83,1.175
Bismack Biyombo,54,0.13,3.07,0.46,1.06,1.54,0.93,1.07,0.83,1.513
Tyler Cavanaugh,11,0.18,0.36,0,0,0,0,0,0.82,0.9
Jaylen Adams,33,0.27,0.55,0.64,0.18,0.88,0.52,1.06,0.82,0.991
Bruce Brown,73,0.66,2.71,0.9,0.47,1.26,0.67,1.62,0.82,1.016
Solomon Hill,44,0.45,1.5,0.57,0.52,0.66,1.75,1.14,0.8,1.073
Eric Moreland,5,0,0.8,0.4,0.4,0,0.6,0,0.8,1
Daniel Hamilton,19,0.37,1.47,0.21,0.47,0.89,0.74,0.58,0.79,0.95
John Henson,14,0.14,2.86,0.57,1.14,1.71,1.07,2.07,0.79,1.179
Jacob Evans,30,0.2,0.47,0.3,0.33,0.17,0.23,0.17,0.77,0.755
Isaac Bonga,21,0,0.48,0.05,0.24,0.05,0.1,0,0.76,0.576
Nick Young,4,0,0,0.75,0.75,0,1.5,0,0.75,1
Damian Jones,24,0.25,4.25,0.54,0.75,2.42,0.29,1.96,0.75,1.757
Luc Mbah a Moute,4,0.5,2.5,1.25,0.75,0.5,1.75,2,0.75,1.111
Tyler Zeller,6,0,5,0,2,2.5,1.83,2.33,0.67,1.533
Lance Thomas,46,0.54,1.65,0.72,0.39,1.52,0.67,1.61,0.65,1.041
Chandler Parsons,25,1.2,2.32,0.52,0.52,2.68,2.12,1.8,0.64,1.027
Sindarius Thornwell,63,0.24,0.44,0.25,0.03,0.1,0.08,0.21,0.6,1.265
Ron Baker,15,0.13,0.27,0.2,0,0.13,0,0.2,0.6,0.7
Wesley Johnson,38,0.32,0.63,0.37,0.42,0.74,1.13,0.95,0.55,1
Quincy Acy,10,0,0.4,0,0.6,0.6,0.4,0.2,0.5,0.944
Naz Mitrou-Long,14,0,0.57,0,0,0,0.21,0.29,0.5,0.8
Davon Reed,10,0.5,0.6,0.2,0.4,0,0,0.7,0.5,1
Alize Johnson,14,0,0.43,0.14,0.5,0.29,0.14,0.07,0.43,0.812
Ray Spalding,14,0.86,3.43,0.71,1.07,1.07,1,1.36,0.43,1.149
Jose Calderon,48,0.04,0.38,0.17,0.21,0.54,0.75,0.65,0.42,0.942
Isaac Humphries,5,0,1.2,0,0.8,0.4,1,1.2,0.4,0.714
Julian Washburn,18,0.56,0.78,0.39,0.33,0.61,0.83,0.39,0.39,0.833
Isaiah Hartenstein,28,0.21,1.29,0.29,0.32,0.79,0.36,0.36,0.39,1.293
Tyson Chandler,55,0.15,2.22,0.49,1.15,1.13,0.95,0.71,0.36,1.748
Andrew Bogut,11,0,3.09,0.18,0.91,1,1.45,0.73,0.36,1.083
Ryan Anderson,25,0.28,0.56,0.44,0.32,0.68,1.2,0.48,0.16,0.913
Marcin Gortat,47,0.4,3.96,0.6,0.91,2.19,1.11,1.57,0.09,1.253
Andre Ingram,4,0,0,0,0,0,0,0,0,0
Kobi Simmons,1,0,0,0,0,0,0,0,0,0
Ike Anigbogu,3,0,0,0,0,0,0,0,0,0
Jawun Evans,8,0.25,0.5,0,0,0.25,0.5,0,0,0.429
Donte Grantham,3,0,0,0,0,0,0,0,0,0
John Holland,1,0,0,0,0,0,0,0,0,0
Jordan Sibert,1,0,0,0,3,3,0,0,0,3
Kalin Lucas,1,0,0,0,0,0,2,0,0,2
Tyler Ulis,1,0,0,0,0,0,0,0,0,0
George King,1,0,0,0,0,0,0,0,0,0
Okaro White,3,0,0,0,0,0,0,0,0,0
Zach Lofton,1,0,0,0,0,0,0,0,0,0
Tyler Davis,1,0,0,0,0,0,0,0,0,0
