Player,Pos,Age,Tm,G,GS,MP,FG,FGA,FG%,3P,3PA,3P%,2P,2PA,2P%,FT,FTA,FT%,ORB,DRB,TRB,AST,STL,BLK,TOV,PF,PTS,ORtg,DRtg,PER,TS%,3PAr,FTr,ORB%,DRB%,TRB%,AST%,STL%,BLK%,TOV%,USG%,OWS,DWS,WS,WS/48,OBPM,DBPM,BPM,VORP,Games18,FB,PAINTPTS,TO_PTS,2ND_PTS,Q1PTS,Q2PTS,Q3PTS,Q4PTS,PPP,>8ft%,8-16ft%,16-24ft%,24+%,BCS%,>8FTU,8-16FTU,16-24FTU,24+U,BCU,AVGDISTA,AVGDISTM,AVGDISTF,AFGM,JS,LU,DUN,TIPIN,JS%,Layup%18,DUN%,2PT_m,3PT_m,FT_m,AB_3U,MRU,paint_nonra,ra_usage,RC_3,LC_3,backcourt_usage,AB3%,MR%,paint_nonra%,RA%,RC3%,LC3%,BC%
Álex Abrines,SG,25,OKC,31,2,588,4.4,12.5,0.357,3.3,10.1,0.323,1.2,2.4,0.5,1,1,0.923,0.4,3.4,3.8,1.6,1.3,0.5,1.1,4.2,13.1,103,111,6.3,0.507,0.809,0.083,0.9,7.8,4.2,4.3,1.3,0.9,7.9,12.2,0.1,0.6,0.6,0.053,-2.4,-0.9,-3.4,-0.2,31,0.65,0.65,0.35,0.65,1.03,1.45,1.35,1.48,1.051,0.5,0.333,0.571,0.328,0,12.74,1.91,4.46,79.62,1.27,21.8,20.02,22.78,91.07,89.17,10.19,0.64,0,0.336,0.5,1,18.18,74.55,7.27,62.42,6.37,1.27,11.46,7.64,9.55,1.27,0.316,0.5,0,0.556,0.417,0.333,0
Ángel Delgado,C,24,LAC,2,0,15,3.1,15.7,0.2,0,0,0,3.1,15.7,0.2,3.1,6.3,0.5,6.3,6.3,12.6,0,3.1,0,0,6.3,9.4,78,109,4.3,0.255,0,0.4,14.6,13.7,14.1,0,3.1,0,0,16.5,0,0,0,-0.055,-8.7,-4,-12.7,0,2,0,1,0,0.5,0,0,0,1.5,0.6,0.2,0,0,0,0,100,0,0,0,0,1.4,1,1.5,100,0,100,0,0,0,0.2,0,66.67,0,33.33,0,0,20,80,0,0,0,0,0,0,0.25,0,0,0
Ante Zizic,C,22,CLE,59,25,1082,8.4,15.2,0.553,0,0,0,8.4,15.2,0.553,4.3,6.1,0.705,5,9.7,14.7,2.4,0.6,1,2.8,5.2,21.1,116,117,16.2,0.59,0,0.399,10.6,22.8,16.4,7.7,0.6,1.8,13.6,18.2,1.7,0.3,2,0.087,-1.7,-1.4,-3.1,-0.3,59,0.39,5.73,1.03,2.41,1.92,1.61,1.69,2.56,1.387,0.586,0.449,0.286,0,0,80.97,14.8,4.23,0,0,3.97,3.02,5.14,68.31,39.27,45.62,7.55,7.55,0.408,0.616,0.92,79.74,0,20.26,0,10.27,27.49,62.24,0,0,0,0,0.412,0.374,0.655,0,0,0
B.J. Johnson,SF,23,TOT,7,0,49,8.5,17,0.5,2.8,6.6,0.429,5.7,10.4,0.545,1.9,1.9,1,1.9,5.7,7.6,0,1.9,0,1.9,3.8,21.7,111,115,12.8,0.609,0.389,0.111,4.2,13.2,8.6,0,1.9,0,9.6,17.4,0,0,0.1,0.066,-3.1,-5.4,-8.5,-0.1,7,1.29,0.86,0.86,0,1.29,0.43,0.71,0.86,1.278,0.4,0.75,0.5,0.5,0,27.78,22.22,11.11,33.33,5.56,16.11,13.89,18.33,66.67,72.22,22.22,5.56,0,0.538,0.25,1,52.17,39.13,8.7,16.67,27.78,11.11,22.22,0,16.67,5.56,0.333,0.6,1,0.25,0,0.667,0
Boban Marjanovic,C,30,TOT,58,12,681,11.1,18,0.615,0.3,0.7,0.4,10.8,17.3,0.624,6.8,9.1,0.748,6,12.3,18.4,3.7,1.1,1.9,4.1,6.2,29.3,123,107,24.2,0.664,0.038,0.504,14,26.9,20.6,12.8,1.1,3.1,15.7,23.3,2.1,0.9,3,0.212,1.4,0.5,1.9,0.7,56,0.3,5.14,1.21,2.43,1.89,1.7,1.95,1.96,1.623,0.665,0.513,0.273,0.4,0,76.92,15,4.23,3.85,0,4.79,3.58,6.73,66.88,42.69,38.08,15.38,3.85,0.468,0.677,0.9,73.93,2.84,23.22,2.31,9.62,24.23,62.31,1.54,0,0,0.167,0.48,0.476,0.704,0.75,0,0
Bogdan Bogdanovic,SG,26,SAC,70,17,1947,8.6,20.6,0.418,3.2,8.9,0.36,5.4,11.7,0.462,3.2,3.9,0.827,1,4.9,5.8,6.4,1.7,0.4,2.8,3.4,23.7,107,113,14.1,0.53,0.431,0.188,2.1,11,6.4,19.3,1.7,0.7,11.1,22.3,1.3,1.4,2.7,0.067,0.5,-1.2,-0.7,0.6,69,1.7,4.81,1.97,1.2,2.74,4.36,2.72,4.1,1.144,0.5,0.445,0.392,0.36,0,30.01,15.01,11.96,42.67,0.35,15.66,13.91,16.92,53.09,76.91,21.81,0.47,0.82,0.395,0.5,0.75,46.11,40.27,13.63,37.63,16.65,19.23,21.1,2.7,2.34,0.35,0.358,0.415,0.409,0.55,0.348,0.4,0
Bojan Bogdanovic,SF,29,IND,81,81,2573,9.9,20,0.497,3.1,7.3,0.425,6.8,12.6,0.538,4.7,5.8,0.807,0.6,5.7,6.3,3.1,1.3,0,2.5,2.6,27.6,114,110,16.1,0.613,0.367,0.29,1.5,12.7,7.2,9.5,1.3,0,10.2,22.4,3.9,2.8,6.8,0.126,1.4,-1.4,0,1.3,81,3.33,7.16,3.78,1.63,5.32,4.15,4.89,3.57,1.385,0.594,0.419,0.471,0.425,0,41.33,15.24,6.67,36.76,0,12.98,11.19,14.75,72.99,65.24,31.05,2.95,0.76,0.429,0.592,1,49.24,33.84,16.92,25.52,15.14,14.48,33.62,4.67,6.57,0,0.388,0.428,0.421,0.64,0.449,0.551,0
C.J. Miles,SF,31,TOT,53,1,856,6.3,17.6,0.36,3.8,11.5,0.33,2.6,6.1,0.417,2.7,3.3,0.828,0.7,4.6,5.4,2,1.5,0.9,1.7,4.5,19.2,99,110,9,0.504,0.653,0.186,1.7,10.3,6.1,6,1.5,1.5,8.2,18.6,-0.2,0.9,0.7,0.041,-2.1,-1.4,-3.4,-0.3,53,0.94,1.17,0.74,0.32,1.36,2.11,0.96,1.96,1.09,0.441,0.308,0.478,0.332,0,18.97,8.36,7.4,64.95,0.32,19.14,17.98,19.79,84.82,85.53,12.86,1.29,0.32,0.353,0.375,0.75,26.55,59.29,14.16,49.2,10.93,9,14.79,9,6.75,0.32,0.307,0.412,0.357,0.457,0.393,0.429,0
Cristiano Felicio,C,26,CHI,60,0,746,6.2,11.6,0.531,0,0.3,0,6.2,11.4,0.543,3.3,4.7,0.685,5.1,9,14.2,2.4,0.7,0.5,2.1,4.5,15.6,116,114,13.4,0.568,0.022,0.408,11.4,20.5,15.9,7.2,0.7,0.8,13.5,14.3,0.9,0.4,1.4,0.088,-2.5,-1.1,-3.5,-0.3,60,0.33,3.03,0.52,1.1,0.73,0.85,0.52,1.9,1.341,0.564,0.455,0.25,0,0,87.15,6.15,4.47,2.23,0,3.38,1.94,5.01,69.47,27.37,50.28,13.41,8.94,0.367,0.544,0.875,79.17,0,20.83,2.23,6.15,17.32,74.3,0,0,0,0,0.364,0.29,0.617,0,0,0
Dairis Bertans,SG,29,NOP,12,0,167,3.3,13.1,0.255,2.8,9.5,0.294,0.6,3.6,0.154,0,0,0,0.6,1.9,2.5,2.8,0.3,0,0.6,1.9,9.5,86,120,2,0.362,0.723,0,1.3,4.3,2.8,7.2,0.3,0,4.1,12,-0.2,0,-0.2,-0.054,-4.2,-3.5,-7.7,-0.2,12,0.25,0,0,0,0,1.25,0.25,1.33,0.723,0,0,0.167,0.294,0,0,2.13,25.53,72.34,0,23.17,24.25,22.8,91.67,100,0,0,0,0.255,0,0,11.76,88.24,0,57.45,25.53,2.13,0,8.51,6.38,0,0.296,0.167,0,0,0.5,0,0
Danuel House,SF,25,HOU,39,13,979,5.9,12.6,0.468,3.7,8.9,0.416,2.2,3.7,0.595,2.8,3.6,0.789,1.3,5.8,7,2,1.1,0.6,1.8,4,18.3,123,113,12.2,0.646,0.706,0.282,2.8,13.3,7.9,5.9,1.1,1,11,14.1,1.6,0.7,2.3,0.113,0.4,-1.1,-0.6,0.3,39,1.56,2.21,1.56,1.38,2.21,1.97,2.18,3.03,1.452,0.609,0.25,1,0.416,0,27.38,1.59,0.4,70.63,0,17.8,15.86,19.51,86.44,73.81,18.25,6.35,1.59,0.409,0.565,0.875,24.04,60.66,15.3,40.08,0.79,3.17,25.4,21.43,9.13,0,0.436,0.5,0.25,0.641,0.352,0.478,0
Dario Saric,PF,24,TOT,81,41,2023,7.2,16.4,0.437,2.8,7.6,0.365,4.4,8.8,0.499,3.1,3.5,0.88,3,7.8,10.8,3,1.1,0.2,2.3,4.3,20.3,113,114,13.1,0.563,0.464,0.216,6.6,17.5,12.1,8.8,1.1,0.4,11.3,17.8,2.3,1.2,3.5,0.084,0.3,-1.4,-1.1,0.5,80,1.05,3.93,1.4,1.66,2.84,2.5,2.76,2.4,1.224,0.556,0.342,0.317,0.364,0,38.78,5.54,9.18,46.5,0,14.67,12.11,16.62,83.16,68.51,29.01,1.31,1.17,0.34,0.618,1,43.1,41.43,15.48,38.05,11.37,10.35,31.78,4.81,3.64,0,0.364,0.308,0.268,0.633,0.394,0.32,0
Davis Bertans,PF,26,SAS,76,12,1632,6.1,13.6,0.45,4.3,10.1,0.429,1.8,3.4,0.513,1.6,1.8,0.883,0.7,7.2,7.9,3,1,1,1.3,4,18.1,122,112,13,0.632,0.746,0.132,1.6,16,8.8,8.2,1,1.7,8.2,14.1,2.6,1.5,4,0.118,1.6,-0.4,1.2,1.3,76,1.11,1,0.92,0.49,1.68,2.09,1.79,2.37,1.338,0.61,0.406,0.417,0.433,0,13.02,7.06,5.3,73.95,0.66,21.32,19.9,22.49,94.12,89.85,7.28,1.99,0.88,0.43,0.576,0.889,19.47,71.78,8.75,63.36,9.27,7.95,8.17,5.52,5.08,0.66,0.408,0.5,0.278,0.757,0.68,0.478,0
Dennis Schroder,PG,25,OKC,79,14,2314,9.2,22.3,0.414,2.5,7.3,0.341,6.7,14.9,0.45,3.8,4.6,0.819,0.8,5,5.7,6.5,1.3,0.2,3.5,3.8,24.7,103,110,12.7,0.508,0.33,0.206,1.6,11.3,6.3,20.4,1.3,0.4,12.5,24.2,0.4,2.4,2.9,0.06,-1.6,-1.5,-3.1,-0.6,79,2.46,5.92,2.24,1.03,2.87,3.99,3.75,4.86,1.109,0.486,0.406,0.421,0.344,0,35.42,21.2,10.33,32.61,0.45,13.59,11.97,14.73,33.7,72.01,27.9,0.09,0,0.39,0.474,1,54.41,30.39,15.2,27.81,21.01,18.48,27.45,2.36,2.45,0.45,0.339,0.427,0.382,0.515,0.308,0.444,0
Dennis Smith Jr.,PG,21,TOT,53,50,1508,8.9,20.9,0.428,2.1,6.7,0.322,6.8,14.2,0.477,3.2,5,0.635,1,3.9,5,8.1,2.1,0.6,4.9,4.1,23.2,96,112,12.3,0.502,0.32,0.24,2.2,8.7,5.5,27.3,2.1,1.1,17.6,24.8,-1.2,1.2,0,0.001,-1.7,-0.9,-2.5,-0.2,53,2.42,6.53,2.47,1.25,4,2.96,4.06,2.57,1.111,0.544,0.323,0.354,0.324,0,45.85,9.54,12.62,31.85,0.15,12.2,9.4,14.3,34.53,58.31,36.15,4.92,0.62,0.335,0.502,0.938,58.45,27.84,13.71,28.62,16.46,10.46,41.08,2,1.23,0.15,0.317,0.355,0.324,0.566,0.385,0.375,0
Derrick Jones Jr.,SF,21,MIA,60,14,1153,6.8,13.7,0.494,1.2,3.9,0.308,5.6,9.9,0.567,3.1,5.2,0.607,4.1,6.1,10.2,1.6,1.9,1.8,1.8,5.2,17.9,113,107,14,0.559,0.281,0.377,8.8,13.3,11.1,4.7,1.9,3.3,10.2,15.6,1.2,1.7,2.9,0.121,-1.3,1.5,0.2,0.6,60,1.08,4.3,1.72,1.77,1.53,2.52,1.1,1.88,1.302,0.58,0.417,0,0.318,0,67.59,3.7,0.62,27.16,0.93,8.52,5.31,11.65,71.25,39.2,31.17,19.75,9.88,0.299,0.485,0.828,62.56,19.91,17.54,8.95,1.85,10.8,59.26,6.79,11.42,0.93,0.241,0.5,0.2,0.635,0.364,0.351,0
D.J. Stephens,SG,28,MEM,1,0,7,7.1,14.2,0.5,0,0,0,7.1,14.2,0.5,0,0,0,0,0,0,0,7.1,0,7.1,0,14.2,60,102,5.5,0.5,0,0,0,0,0,0,7.1,0,33.3,19.1,0,0,0,-0.119,-9.9,2.3,-7.6,0,1,0,2,0,0,0,0,0,2,1,0.5,0,0,0,0,100,0,0,0,0,0.5,1,0,100,0,0,100,0,0,0,0.5,100,0,0,0,0,0,100,0,0,0,0,0,0,0.5,0,0,0
Donatas Motiejunas,PF,28,SAS,3,0,13,11.3,22.5,0.5,0,0,0,11.3,22.5,0.5,0,7.5,0,7.5,3.8,11.3,3.8,0,3.8,11.3,22.5,22.5,72,111,-0.5,0.436,0,0.333,16.9,8.3,12.6,11.9,0,6.5,30.4,33.5,-0.1,0,-0.1,-0.246,-11.2,-0.3,-11.5,0,3,0,2,0,0,0,0,0,2,1,0.333,0.667,0,0,0,50,50,0,0,0,7.33,6.67,8,100,66.67,33.33,0,0,0.5,0.5,0,100,0,0,0,16.67,50,33.33,0,0,0,0,0,0.667,0.5,0,0,0
Dzanan Musa,SG,19,BRK,9,0,39,11,26.8,0.409,1.2,12.2,0.1,9.8,14.6,0.667,0,2.4,0,1.2,4.9,6.1,2.4,2.4,0,4.9,1.2,23.2,75,110,5.8,0.415,0.455,0.091,2.7,10.7,6.7,8.6,2.4,0,14.9,29,-0.2,0,-0.1,-0.152,-7.6,-2.8,-10.4,-0.1,9,0,1.56,0,0,0,0,0,2.11,0.864,0.75,0.5,0.5,0.1,0,36.36,9.09,9.09,45.45,0,15.14,7.56,20.38,77.78,77.27,22.73,0,0,0.294,0.8,0,84.21,15.79,0,36.36,9.09,22.73,22.73,4.55,4.55,0,0.125,0.5,0.6,0.8,0,0,0
Ersan Ilyasova,PF,31,MIL,67,7,1231,6.3,14.4,0.438,2.2,6,0.363,4.1,8.3,0.493,2.3,2.8,0.824,3.5,7.9,11.4,2,1.2,0.8,1.8,6.5,17.1,112,106,11.6,0.548,0.42,0.194,8.2,16.2,12.5,5.5,1.2,1.4,10.4,15.7,1.2,1.9,3,0.119,-1.5,0.1,-1.3,0.2,67,0.87,2.84,0.91,1.36,2.12,1.61,1.75,1.21,1.189,0.557,0.265,0.35,0.365,0,43.83,8.92,5.25,41.73,0.26,13.29,10.81,15.23,80.24,59.84,29.92,1.31,8.92,0.355,0.596,0.8,48.12,38.41,13.47,30.71,10.5,9.45,38.06,6.3,4.72,0.26,0.376,0.35,0.222,0.6,0.417,0.222,0
Gary Payton II,PG,26,WAS,3,0,16,14.8,23.7,0.625,3,5.9,0.5,11.8,17.8,0.667,0,0,0,3,3,5.9,11.8,8.9,3,3,5.9,32.6,135,97,36.9,0.688,0.25,0,6.7,6.9,6.8,45.1,8.9,5.3,11.1,23.8,0.1,0,0.1,0.358,9.8,5.2,14.9,0.1,3,1.33,2.67,0.67,0,0,0,0,3.67,1.375,0.667,0,0,0.5,0,75,0,0,25,0,6.13,4.8,8.33,80,25,50,12.5,12.5,0.5,0.75,1,72.73,27.27,0,0,0,0,75,25,0,0,0,0,0,0.667,0.5,0,0
Gary Trent Jr.,SG,20,POR,15,1,111,7,21.8,0.32,2.2,9.2,0.238,4.8,12.7,0.379,1.3,3.1,0.429,0.4,4.4,4.8,2.2,0.4,0.9,1.7,1.7,17.5,81,115,3.6,0.377,0.42,0.14,1,9.4,5.3,6.2,0.4,1.4,7,21.7,-0.3,0.1,-0.2,-0.092,-6.7,-3.6,-10.3,-0.2,15,0,0.53,0.4,0.2,0.27,0.13,0.33,1.93,0.8,0.333,0.25,0.5,0.238,0,18,16,24,42,0,17.16,16.25,17.59,50,86,14,0,0,0.302,0.429,0,55,37.5,7.5,34,30,16,12,4,4,0,0.176,0.467,0.125,0.5,0,1,0
Glenn Robinson III,SF,25,DET,47,18,610,6,14.2,0.42,1.5,5,0.29,4.5,9.2,0.491,2.6,3.2,0.8,1.4,4.4,5.7,1.7,1.1,0.6,1.5,3.6,16,104,112,8.7,0.511,0.352,0.227,2.9,10,6.4,5.1,1.1,1.1,8.5,15,0.1,0.6,0.7,0.054,-3.5,-0.8,-4.2,-0.3,47,0.74,1.83,1,0.21,1.13,0.96,0.74,1.34,1.125,0.552,0.333,0.529,0.29,0,38.07,17.05,9.66,35.23,0,13.11,10.59,14.93,86.49,67.05,26.7,5.11,1.14,0.339,0.511,0.889,56.57,27.27,16.16,17.05,15.34,22.73,26.7,10.8,7.39,0,0.333,0.481,0.325,0.638,0.211,0.308,0
Goran Dragic,PG,32,MIA,36,22,991,8.8,21.3,0.413,2.8,8.1,0.348,6,13.3,0.454,3.9,5,0.782,1,4.5,5.5,8.6,1.5,0.2,3.5,4,24.4,106,111,13.9,0.517,0.379,0.233,2.1,9.8,6,27.3,1.5,0.5,12.9,23.7,0.6,1,1.6,0.079,0.1,-1.3,-1.2,0.2,36,1.83,5.78,2.31,0.75,3.36,4.31,3.19,2.86,1.141,0.521,0.347,0.321,0.348,0,39.03,16.63,6.47,37.88,0,13.29,11.22,14.75,44.69,67.67,31.87,0,0.46,0.355,0.536,0,49.39,34.62,15.99,30.48,12.93,18.01,31.18,4.16,3.23,0,0.364,0.321,0.359,0.563,0.222,0.357,0
Harry Giles III,PF,20,SAC,58,0,820,9.9,19.8,0.503,0,0.3,0,9.9,19.4,0.512,3.3,5.2,0.637,3.7,8.9,12.6,4.8,1.8,1.2,4.1,8.5,23.2,102,109,14.4,0.526,0.017,0.261,8.1,20.1,14,15.2,1.8,2.3,15.8,23.2,0,1,1,0.056,-3,0.9,-2.1,0,58,0.62,5.34,0.98,1.28,1.52,1.95,1.59,1.98,1.172,0.593,0.389,0.333,0,0,62.07,25.86,10.34,1.44,0.29,6.6,4.73,8.5,65.14,53.16,26.44,10.34,10.06,0.395,0.533,0.861,85.78,0,14.22,0.86,16.95,35.63,45.69,0,0.57,0.29,0,0.339,0.427,0.642,0,0,0
Jakob Poeltl,C,23,SAS,77,24,1273,7.2,11.1,0.645,0,0,0,7.2,11.1,0.645,1.9,3.5,0.533,6.8,8.9,15.7,3.6,1.1,2.6,1.8,4.8,16.2,133,108,19.4,0.64,0,0.317,15.4,19.7,17.6,10,1.1,4.5,12.7,13.1,3.5,1.6,5.1,0.193,1.5,2.7,4.2,2,77,0.22,4.65,0.71,1.47,1.17,1,1.66,1.66,1.459,0.657,0.421,1,0,0,92.41,6.55,1.03,0,0,2.43,2.13,2.99,70.59,17.93,53.45,9.66,18.97,0.538,0.69,0.893,88.42,0,11.58,0,3.79,20,76.21,0,0,0,0,0.727,0.448,0.692,0,0,0
James Ennis III,SF,28,TOT,58,27,1230,5.5,11.6,0.469,2.2,6.2,0.353,3.3,5.5,0.601,2.3,3.2,0.716,2.4,4.8,7.2,1.6,1.6,0.9,1.3,5.9,15.4,119,112,11,0.59,0.531,0.276,5.3,10.9,8.1,4.7,1.6,1.6,9.3,12.7,1.6,1,2.6,0.103,-0.5,-0.2,-0.7,0.4,58,1.43,2.76,1.66,1.22,1.91,1.59,1.48,1.72,1.323,0.625,0.286,0.333,0.353,0,43.54,2.38,1.02,53.06,0,13.77,10.49,16.67,82.61,58.5,28.57,6.8,6.12,0.366,0.571,1,42.67,42.42,14.91,25.85,2.38,4.08,40.48,15.65,11.56,0,0.303,0.429,0.333,0.639,0.37,0.441,0
Jaren Jackson Jr.,PF,19,MEM,58,56,1515,9.8,19.3,0.506,1.7,4.7,0.359,8.1,14.7,0.553,5,6.5,0.766,2.4,6.5,8.9,2.1,1.7,2.7,3.2,7.2,26.2,108,107,16.4,0.591,0.241,0.334,5.3,15,10.1,7.2,1.7,5.1,12.7,22.8,1.2,2.2,3.3,0.105,-1.4,1.4,0.1,0.8,58,1.34,8.24,2,1.6,4.29,3.24,2.97,3.22,1.355,0.58,0.477,0.273,0.359,0,59.42,14.6,1.87,24.11,0,9.39,7.29,11.54,68.79,61.8,26.32,9.17,2.72,0.407,0.581,0.944,61.9,19.17,18.92,18.17,4.58,32.6,38.71,3.06,2.89,0,0.411,0.296,0.422,0.693,0.167,0.235,0
JJ Redick,SG,34,PHI,76,63,2379,9,20.4,0.44,4.8,12,0.397,4.2,8.4,0.502,4.5,5.1,0.894,0.4,3.3,3.7,4.1,0.6,0.3,2,2.6,27.2,118,115,15.1,0.602,0.589,0.248,0.9,7.2,4.1,12.9,0.6,0.6,8.1,21.9,4.6,1.2,5.9,0.118,2.7,-3.3,-0.7,0.8,76,2,2.05,2.09,1.43,5.21,4.88,4.04,3.63,1.336,0.542,0.436,0.5,0.396,0,11.68,5.36,24.15,58.81,0,20.39,19.44,21.13,89.38,89.68,10.32,0,0,0.423,0.585,0,30.9,52.48,16.62,50.63,27.36,3.89,9.93,5.45,2.73,0,0.39,0.48,0.45,0.588,0.357,0.571,0
Jonas Valanciunas,C,26,TOT,49,27,1091,13.5,24,0.559,0.6,2.1,0.292,12.8,21.9,0.586,6.6,8.3,0.795,4.7,14,18.7,3.1,0.8,2.4,4,6.5,34.1,114,104,24.4,0.616,0.089,0.344,10.7,31.4,21.1,12,0.8,4.4,12.7,28.5,2.2,1.9,4.2,0.183,0.1,1.2,1.2,0.9,49,0.43,10.78,1.84,3.31,4.29,4.14,2.92,4.04,1.418,0.621,0.474,0.438,0.292,0,70.07,18.03,2.97,8.92,0,6.51,5,8.43,59.8,58.55,27.7,7.25,6.51,0.498,0.57,0.949,75.23,5.5,19.27,8.36,9.67,35.69,45.72,0.37,0.19,0,0.267,0.442,0.526,0.663,0.5,1,0
Jose Calderon,PG,37,DET,49,0,632,3.5,9.4,0.375,1.1,4.4,0.246,2.4,4.9,0.492,0.7,0.9,0.818,0.9,3.8,4.7,9,1.2,0.2,2.7,5,8.8,102,112,7.1,0.453,0.475,0.092,1.8,8.8,5.2,24.9,1.2,0.4,21.9,10.9,0,0.5,0.6,0.043,-4,-1.2,-5.1,-0.5,48,0.04,0.38,0.17,0.21,0.54,0.75,0.65,0.42,0.942,0.474,0.357,0.567,0.25,0,15.83,11.67,25,46.67,0.83,18.58,16.22,20,48.89,85.83,14.17,0,0,0.359,0.471,0,54.87,37.17,7.96,39.17,35.83,4.17,12.5,4.17,3.33,0.83,0.234,0.512,0.4,0.467,0.2,0.5,0
JR Smith,SG,33,CLE,11,4,222,6,17.7,0.342,2.7,8.7,0.308,3.4,8.9,0.375,1.8,2.2,0.8,0,4,4,4.7,2.5,0.7,2.5,4.3,16.6,91,116,7.8,0.444,0.494,0.127,0,9.4,4.5,13.8,2.5,1.2,11.7,18.6,-0.3,0.1,-0.2,-0.038,-3.5,-1.7,-5.2,-0.2,11,0.55,1.27,1,0.45,1.82,1.18,1.91,1.82,0.937,0.5,0.357,0.364,0.308,0,5.06,17.72,27.85,49.37,0,19.89,18.74,20.48,66.67,96.2,3.8,0,0,0.329,0.667,0,40.54,48.65,10.81,43.04,32.91,13.92,3.8,0,6.33,0,0.265,0.308,0.545,0.333,0,0.6,0
Juancho Hernangomez,PF,23,DEN,70,25,1358,5,11.4,0.439,2.4,6.5,0.365,2.6,4.8,0.541,2.4,3.1,0.767,2.3,7.3,9.6,2,1,0.9,1.3,3.4,14.8,118,110,11,0.58,0.576,0.274,5.1,16.1,10.6,5.3,1,1.6,9.5,12.2,1.6,1.4,3,0.105,-0.9,0,-0.9,0.4,70,0.66,1.91,0.74,1.21,1.54,1.13,1.67,1.49,1.304,0.55,0.333,0.667,0.365,0,38.34,1.92,1.92,57.83,0,15.3,12.94,17.17,84.78,66.13,26.84,4.79,2.24,0.372,0.56,0.8,35.29,48.53,16.18,39.62,2.88,7.03,32.27,9.9,8.31,0,0.387,0.556,0.182,0.624,0.258,0.385,0
Jusuf Nurkic,C,24,POR,72,72,1974,10.3,20.3,0.508,0.1,0.7,0.103,10.2,19.6,0.523,6.9,9,0.773,6,12.4,18.4,5.7,1.7,2.5,4.1,6.1,27.6,116,105,23.4,0.57,0.035,0.442,13.4,26.7,20.2,17.9,1.7,4.2,14.6,24.7,4.4,3.3,7.8,0.189,1.6,3.6,5.1,3.5,72,0.61,10.33,1.89,3.61,4.74,4.01,4.28,2.47,1.362,0.551,0.37,0.436,0.103,0,78.21,8.84,9.44,3.51,0,5.22,3.85,6.63,65.95,49.76,32.45,9.69,8.11,0.436,0.552,0.85,74.13,0.8,25.07,3.27,12.95,20.1,63.44,0.12,0.12,0,0.111,0.421,0.386,0.588,0,0,0
Kelly Oubre Jr.,SF,23,TOT,69,19,1935,9.2,20.7,0.445,2.7,8.3,0.32,6.6,12.4,0.53,4.6,6,0.775,1.7,6.2,8,2.1,2.1,1.5,2.5,4.5,25.8,105,113,15.2,0.551,0.401,0.29,4,14.6,9.2,6.8,2.1,2.5,9.8,23.2,0.9,1.3,2.2,0.054,-0.9,-1.2,-2.2,-0.1,69,2.83,6.99,2.9,1.91,2.88,4.28,3.26,4.55,1.243,0.548,0.429,0.517,0.318,0.5,48.1,8.31,3.44,39.9,0.24,12.58,9.71,14.88,64.8,61.88,26.6,8.67,2.85,0.369,0.478,0.863,51,30.95,18.05,30.52,6.65,16.03,37.17,5.7,3.8,0.12,0.323,0.464,0.393,0.601,0.354,0.25,0
Larry Nance Jr.,C,26,CLE,67,30,1795,6.9,13.3,0.52,0.9,2.7,0.337,6,10.5,0.567,2.7,3.7,0.716,4.6,10.6,15.3,5.9,2.8,1.1,2.7,5.3,17.3,120,112,18.6,0.583,0.205,0.28,10,24.9,17.1,17.8,2.8,1.9,15.3,15.5,3.3,1.6,4.9,0.131,1.4,2.6,4,2.7,67,0.84,5.88,1.54,1.91,2.25,1.99,2.58,2.54,1.309,0.649,0.339,0.3,0.34,0,59.5,11.69,8.35,20.25,0.21,8.99,5.9,12.34,69.08,50.31,23.38,16.49,9.81,0.34,0.625,0.899,68.9,15.79,15.31,16.49,13.78,15.24,50.52,1.46,2.3,0.21,0.354,0.288,0.356,0.707,0.286,0.273,0
Lonnie Walker IV,SG,20,SAS,17,0,118,6.6,19,0.348,2.1,5.4,0.385,4.6,13.7,0.333,3.3,4.1,0.8,0,7,7,3.7,2.9,1.2,1.7,2.9,18.6,93,107,10.8,0.446,0.283,0.217,0,15.6,7.9,10.3,2.9,2.2,7.4,20.3,-0.1,0.2,0,0.019,-4.7,0.3,-4.4,-0.1,17,0.47,0.94,0.35,0.12,0,0.59,0.12,1.94,0.978,0.467,0.25,0.2,0.385,0,32.61,17.39,21.74,28.26,0,13.93,12,14.97,43.75,69.57,30.43,0,0,0.281,0.5,0,48.89,33.33,17.78,26.09,30.43,10.87,30.43,2.17,0,0,0.333,0.214,0.2,0.5,1,0,0
Luka Doncic,SG,19,DAL,72,72,2318,10.6,24.8,0.427,3.5,10.8,0.327,7.1,14.1,0.503,7.2,10.1,0.713,1.8,10,11.8,9,1.6,0.5,5.2,2.9,31.9,107,109,19.6,0.545,0.433,0.409,4,21.9,13,31.6,1.6,0.9,15,30.5,2.1,2.8,4.9,0.101,2.9,1.2,4.1,3.6,71,2.93,7.92,3.03,2.01,5.93,4.77,5.56,4.7,1.284,0.554,0.389,0.388,0.342,0.063,37.1,15.42,4.2,41.9,1.37,14.98,11.97,17.22,27.16,75.49,20.57,2.23,1.71,0.373,0.558,0.962,43.93,33.64,22.43,39.16,11.14,20.31,25.28,1.11,1.71,1.29,0.328,0.369,0.422,0.614,0.538,0.5,0.067
Marvin Bagley III,PF,19,SAC,62,4,1567,10.6,21,0.504,0.9,2.9,0.313,9.7,18.1,0.534,5.4,7.8,0.691,4.8,9.2,14,1.8,1,1.8,2.9,3.6,27.4,111,110,18.9,0.562,0.136,0.371,10.4,20.8,15.5,5.9,1,3.2,10.7,24.2,2,1.6,3.6,0.11,-1.2,-0.7,-1.8,0.1,61,1.82,9.08,2.39,3.46,3.95,3.36,3.66,3.93,1.3,0.592,0.384,0.419,0.316,0,60.37,19.74,6.15,13.59,0.14,8.24,6.19,10.32,54.7,56.94,25.89,10.3,6.87,0.412,0.486,0.958,70.63,9.9,19.47,10.59,16.88,28.76,40.63,1.72,1.29,0.14,0.351,0.373,0.448,0.658,0.25,0.111,0
Melvin Frazier Jr.,SG,22,ORL,10,0,44,7.8,23.4,0.333,0,6.7,0,7.8,16.7,0.467,1.1,4.4,0.25,3.3,2.2,5.6,1.1,1.1,0,1.1,6.7,16.7,75,113,1.2,0.33,0.286,0.19,7.2,4.9,6.1,3.3,1.1,0,4.2,23.5,-0.2,0,-0.1,-0.133,-8.4,-4.5,-12.9,-0.1,10,0.6,1.2,0.6,0.2,0,0,0,1.5,0.714,0.667,0,0.5,0,0,42.86,19.05,9.52,28.57,0,11.52,4.14,15.21,71.43,57.14,33.33,9.52,0,0.083,0.571,1,93.33,0,6.67,14.29,14.29,23.81,33.33,4.76,9.52,0,0,0.333,0.2,0.714,0,0,0
Milos Teodosic,PG,31,LAC,15,0,150,5.3,12.6,0.425,3.1,8.5,0.37,2.2,4.1,0.538,1.3,2.2,0.571,0.9,4.1,5,10.1,0.9,0.3,6.6,8.5,15.1,94,115,6.5,0.557,0.675,0.175,2.2,8.9,5.7,28.8,0.9,0.5,32.8,18,-0.1,0.1,-0.1,-0.019,-2.9,-3.2,-6.1,-0.2,15,0,0.53,0,0.2,0.2,1.73,0.4,0.87,1.2,0.5,0.5,0.6,0.385,0,15,5,12.5,65,2.5,20.73,19.12,21.91,82.35,87.5,10,0,2.5,0.4,0.5,0,29.17,62.5,8.33,55,12.5,10,10,5,5,2.5,0.364,0.6,0.25,0.75,0.5,0.5,0
Mitchell Creek,SF,26,TOT,5,0,48,7.9,15.9,0.5,0,2,0,7.9,13.9,0.571,5,7,0.714,6,6,11.9,6,2,0,1,3,20.9,129,111,20.2,0.55,0.125,0.438,13.2,13.1,13.2,18.6,2,0,5,17.6,0.1,0,0.2,0.196,1.9,-0.3,1.7,0,5,1.2,3.2,1.2,0.4,0.4,0,0.8,3,1.313,0.615,0,0,0,0,81.25,0,6.25,12.5,0,5.63,2,9.25,62.5,25,68.75,0,6.25,0.25,0.636,0,76.19,0,23.81,6.25,6.25,6.25,75,0,6.25,0,0,0,1,0.583,0,0,0
Nenê Hilário,C,36,HOU,42,2,546,5.4,10.4,0.517,0,0.3,0,5.4,10.2,0.531,2.8,4.2,0.66,3.1,8,11.1,2.3,1.6,1.3,1,7.8,13.6,122,110,11.9,0.552,0.026,0.405,6.7,18.4,12.5,6.8,1.6,2.3,7.4,11.7,0.8,0.6,1.4,0.123,-3,1.1,-2,0,42,0.19,2.19,0.57,0.48,0.86,0.88,0.98,0.86,1.302,0.616,0.278,0.455,0,0,62.93,15.52,18.97,2.59,0,7.3,5.28,9.46,78.33,51.72,37.07,11.21,0,0.4,0.558,0.923,79.47,0,20.53,2.59,27.59,22.41,47.41,0,0,0,0,0.438,0.308,0.691,0,0,0
Nikola Jokić,C,23,DEN,80,80,2504,12.1,23.7,0.511,1.6,5.3,0.307,10.5,18.4,0.569,5.7,6.9,0.821,4.5,12.5,17,11.4,2.1,1.1,4.9,4.5,31.5,119,105,26.3,0.589,0.224,0.292,9.8,27.6,18.7,37,2.1,1.9,15.4,27.4,7.5,4.3,11.8,0.226,5.7,3.8,9.5,7.3,79,0.63,11.75,2.01,3.85,6.37,4.73,5.04,3.75,1.338,0.608,0.504,0.346,0.318,0,59.39,11.59,6.6,22.08,0.34,9.91,7.18,12.78,53.96,63.62,31.22,0.85,4.31,0.439,0.631,1,66.16,15.75,18.09,21.66,12.61,26.23,38.75,0.34,0.08,0.34,0.316,0.396,0.51,0.668,0.25,1,0
Nikola Mirotić,PF,27,TOT,46,25,1245,8.9,20.2,0.439,4.3,11.9,0.365,4.6,8.4,0.545,3.9,4.6,0.847,2.2,10.4,12.7,2.1,1.2,1.3,1.8,4,26,115,109,17.2,0.584,0.587,0.229,5.1,22.6,14,6.2,1.2,2.2,7.4,21.4,2,1.4,3.5,0.133,1.2,-1.2,0,0.6,46,2.04,4.22,2.09,1.89,3.8,3.83,4.02,3.39,1.286,0.638,0.371,0.396,0.367,0,26.01,6.46,8.86,58.3,0.37,17.93,15.21,20.06,82.77,78.23,17.71,0.92,3.14,0.382,0.677,1,35.01,49.93,15.06,48.52,12.92,6.83,21.59,4.06,5.72,0.37,0.361,0.357,0.595,0.641,0.409,0.387,0
Nikola Vučević,C,28,ORL,80,80,2510,13.7,26.4,0.518,1.6,4.5,0.364,12,21.9,0.549,3.5,4.4,0.789,4.4,14.3,18.7,6,1.6,1.7,3.1,3.1,32.5,115,103,25.5,0.573,0.171,0.168,9.4,31.9,20.5,21.9,1.6,3,9.9,28,5.4,4.7,10.1,0.193,3,3.4,6.4,5.3,80,0.59,12.28,2.54,3.28,6.53,4.86,5.95,3.38,1.23,0.621,0.453,0.424,0.365,0,49.85,20.38,12.7,16.99,0.07,10.38,8.43,12.49,70.9,71.64,17.36,3.91,7.09,0.46,0.664,0.887,74.11,15.14,10.75,16.77,21.34,29.76,31.83,0.15,0.07,0.07,0.366,0.436,0.484,0.687,0.5,0,0
Otto Porter,SF,25,TOT,56,43,1683,8.5,18.2,0.465,2.9,7.3,0.406,5.5,11,0.504,2.2,2.7,0.813,1.5,7.4,8.9,3.4,2.3,0.9,1.8,3.1,22.1,111,112,15.9,0.569,0.398,0.149,3.4,17,10.1,10.6,2.3,1.6,8.7,19.1,1.8,1.5,3.2,0.093,0.4,0.1,0.5,1,56,1.89,4.25,1.77,1.32,3.7,3.59,3.79,2.7,1.213,0.637,0.471,0.377,0.406,0,22.71,18.51,18.97,39.81,0,16.14,14.28,17.76,69.9,82.74,14.77,0.93,1.56,0.429,0.611,1,50,40,10,28.3,30.33,12.13,17.73,5.44,6.07,0,0.396,0.39,0.577,0.649,0.457,0.41,0
PJ Tucker,PF,33,HOU,82,82,2802,3.6,9.2,0.396,2.6,6.8,0.377,1.1,2.4,0.449,0.7,1,0.695,2.1,6.3,8.4,1.7,2.3,0.7,1.1,4.4,10.5,114,110,9.2,0.547,0.74,0.113,4.7,14.4,9.5,4.6,2.3,1.2,10.3,9.5,2,3,5,0.086,-0.5,1.8,1.3,2.3,82,1.04,1.39,1.37,0.8,2.3,1.8,2.06,1.09,1.149,0.456,0.444,0.143,0.381,0,21.8,3.44,1.34,73.23,0.19,18.4,17.47,19,91.3,82.98,14.91,0.57,1.53,0.376,0.462,1,20.3,72.88,6.82,20.27,2.29,7.27,17.02,30.98,21.99,0.19,0.349,0.333,0.342,0.494,0.432,0.339,0
RJ Hunter,SG,25,BOS,1,0,26,11.1,24.1,0.462,7.4,18.5,0.4,3.7,5.6,0.667,1.9,3.7,0.5,1.9,3.7,5.6,5.6,1.9,0,0,5.6,31.5,131,111,21.5,0.612,0.769,0.154,4.1,8.2,6.2,18,1.9,0,0,23,0.1,0,0.1,0.226,7,-3.7,3.4,0,1,2,2,5,0,3,3,0,11,1.308,0.5,1,0,0.4,0,15.38,7.69,0,76.92,0,22.77,20.83,24.43,66.67,84.62,7.69,7.69,0,0.455,0,1,23.53,70.59,5.88,76.92,7.69,0,15.38,0,0,0,0.4,1,0,0.5,0,0,0
Robert Williams III,C,21,BOS,32,2,283,6.1,8.7,0.706,0,0,0,6.1,8.7,0.706,1.5,2.6,0.6,4.6,9.2,13.8,1.2,1.5,6.8,1.7,6.1,13.8,132,100,18.8,0.703,0,0.294,10.2,20.4,15.3,3.3,1.5,12.5,14.8,10.3,0.5,0.6,1.2,0.201,-2.4,6.7,4.4,0.5,31,0.32,2.26,0.71,0.45,0.19,0.48,0.48,1.45,1.588,0.745,0.333,0,0,0,92.16,5.88,1.96,0,0,2.1,1.28,4.07,86.11,7.84,21.57,54.9,15.69,0.25,0.727,0.893,88.89,0,11.11,0,7.84,1.96,90.2,0,0,0,0,0.25,0,0.761,0,0,0
Skal Labissiere,PF,22,TOT,22,1,176,7,13.1,0.531,1.6,3.5,0.462,5.4,9.7,0.556,2.4,4.6,0.529,2.4,9.1,11.5,3,1.3,1.6,3,7.8,18,108,109,12.6,0.593,0.265,0.347,5.4,20.3,12.8,8.6,1.4,2.8,16.3,16,0.1,0.2,0.3,0.089,-2.4,0.6,-1.8,0,22,0.18,1.45,0.32,0.36,0.36,0.36,0.82,1.5,1.367,0.571,0.5,0.5,0.462,0,57.14,8.16,8.16,26.53,0,10.45,9.23,11.83,46.15,59.18,14.29,18.37,8.16,0.448,0.286,0.889,59.7,26.87,13.43,24.49,14.29,16.33,42.86,0,2.04,0,0.5,0.571,0.375,0.619,0,0,0
Sviatoslav Mykhailiuk,SF,21,TOT,42,0,440,4.9,14.8,0.329,3.1,9.4,0.326,1.8,5.4,0.333,1.3,2.1,0.6,1,2.9,3.8,3.9,1.5,0.1,2.2,2.7,14.1,92,113,6,0.447,0.636,0.143,2.2,6.2,4.2,10.9,1.5,0.2,12.4,16,-0.4,0.3,-0.1,-0.012,-3.6,-2.1,-5.7,-0.4,,,,,,,,,,,,,,,,,,,,,,,,,,,,,,,,,,,,,,,,,,,,,,,,
Taurean Waller-Prince,SF,24,ATL,55,47,1552,7.8,17.7,0.441,3.7,9.4,0.39,4.1,8.3,0.498,2.8,3.5,0.819,0.7,5.3,5.9,3.5,1.6,0.6,3,4.2,22.1,106,115,11.9,0.575,0.53,0.195,1.5,12.3,6.7,11.1,1.6,1.1,13.4,19.5,0.8,0.7,1.5,0.047,-0.4,-1.5,-1.9,0,,,,,,,,,,,,,,,,,,,,,,,,,,,,,,,,,,,,,,,,,,,,,,,,
Tim Hardaway Jr.,SG,26,TOT,65,63,2057,9.2,23.3,0.393,3.8,11.2,0.34,5.4,12.1,0.442,5.4,6.5,0.841,0.8,4.4,5.2,3.7,1.3,0.2,2.5,3.3,27.6,105,116,13.6,0.527,0.48,0.278,1.7,9.8,5.7,12.8,1.3,0.3,8.6,25.4,1,0.9,1.8,0.043,0.5,-2.9,-2.4,-0.2,65,2.46,4.43,2.8,1.52,5.17,4.48,5.29,3.02,1.182,0.496,0.397,0.388,0.341,0,24.77,13.7,13.49,47.83,0.2,16.92,15.15,18.07,55.13,79.96,18.03,1.61,0.4,0.36,0.492,0.875,38.84,41.4,19.76,41.79,20.14,13.09,18.73,4.33,1.71,0.2,0.342,0.42,0.315,0.554,0.349,0.294,0
Timothe Luwawu-Cabarrot,SF,23,TOT,50,7,669,5.9,15.7,0.376,2.6,8.3,0.31,3.3,7.3,0.451,2.2,3,0.756,0.8,6.2,7,1.9,1.4,0.6,1.5,5.3,16.6,97,113,8,0.489,0.532,0.188,1.7,14.1,7.8,5.5,1.4,1,8.2,16.6,-0.3,0.5,0.2,0.015,-3.3,-1.7,-5,-0.5,50,0.88,1.6,0.56,0.36,0.98,1.2,0.78,1.66,1.06,0.506,0.167,0.385,0.313,0,35.32,5.5,5.96,52.75,0.46,15.34,12.37,17.14,81.71,66.06,29.82,3.67,0.46,0.299,0.523,0.625,39.83,46.75,13.42,30.73,9.63,5.05,32.11,11.47,10.55,0.46,0.254,0.286,0.091,0.557,0.4,0.391,0
TJ Leaf,PF,21,IND,58,1,522,9.3,17.1,0.541,0.7,2.9,0.258,8.5,14.2,0.599,1.8,2.9,0.613,4,7.7,11.7,2.2,0.8,1.8,1.1,3.3,21.1,119,107,16.9,0.572,0.169,0.169,9.3,17.1,13.3,6.9,0.8,3.2,5.8,17.5,0.9,0.7,1.6,0.148,-1,0,-1,0.1,58,0.67,2.97,0.57,1,0.59,1.72,0.41,1.16,1.229,0.675,0.371,0.333,0.258,0,62.3,19.13,1.64,16.94,0,7.61,4.64,11.12,62.63,50.27,32.79,7.1,9.84,0.37,0.65,1,80.89,10.67,8.44,12.02,8.74,26.78,47.54,2.19,2.73,0,0.273,0.313,0.449,0.736,0.25,0.2,0
Tomas Satoransky,PG,27,WAS,80,54,2164,5.6,11.6,0.485,1.4,3.5,0.395,4.2,8.1,0.524,2.9,3.5,0.819,1.8,4.3,6.1,8.7,1.8,0.3,2.6,3.8,15.5,121,116,14.1,0.59,0.306,0.302,4,10,7,24.6,1.8,0.5,16.7,14.1,3.8,0.9,4.7,0.104,0.4,-1,-0.6,0.8,79,1.08,4.2,1.53,1.05,2.37,2.35,1.95,2.09,1.348,0.618,0.352,0.35,0.408,0,44.81,16.92,7.69,30.19,0.38,11.73,9.42,13.91,60.08,64.04,28.27,4.62,3.08,0.39,0.633,0.875,53.92,27.39,18.69,21.54,13.27,20.19,35.96,4.23,4.42,0.38,0.411,0.333,0.419,0.652,0.636,0.174,0
Troy Brown Jr.,SF,19,WAS,52,10,730,6.3,15.2,0.415,1.4,4.5,0.319,4.9,10.7,0.455,2.1,3,0.681,2.3,7.1,9.4,5.2,1.4,0.3,1.9,3.6,16.1,105,115,11.1,0.487,0.295,0.201,5.1,16.6,10.8,14.9,1.4,0.6,10.5,16.5,0.2,0.4,0.6,0.039,-2.6,-1.2,-3.7,-0.3,51,0.75,2.27,0.94,0.51,1.08,1.04,1.14,1.49,1.08,0.551,0.2,0.429,0.328,0,43.75,13.39,12.5,29.91,0.45,12.67,9.88,14.69,68.09,66.07,27.68,6.25,0,0.338,0.516,0.857,59.5,27.27,13.22,22.32,17.41,21.43,30.8,3.57,4.02,0.45,0.3,0.359,0.271,0.652,0.5,0.333,0
Vincent Edwards,SF,22,HOU,2,0,16,3.1,12.3,0.25,3.1,12.3,0.25,0,0,0,0,0,0,3.1,3.1,6.1,0,0,0,0,0,9.2,95,118,3.8,0.375,1,0,6.8,7.1,6.9,0,0,0,0,10.9,0,0,0,-0.014,-4.3,-5.5,-9.8,0,2,0,0,0,1.5,0,0,0,1.5,0.75,0,0,0,0.25,0,0,0,0,100,0,23.75,23,24,100,100,0,0,0,0.25,0,0,0,100,0,25,0,0,0,25,50,0,0,0,0,0,0,0.5,0
Wade Baldwin IV,PG,22,POR,16,0,94,5.2,17,0.303,1,4.6,0.222,4.1,12.4,0.333,4.1,5.7,0.727,1,6.7,7.7,6.2,0.5,1,7.2,5.7,15.5,74,113,1.3,0.396,0.273,0.333,2.3,14.4,8.5,16.6,0.5,1.7,27,23.3,-0.4,0.1,-0.3,-0.153,-9.3,-1.4,-10.7,-0.2,16,0.13,0.75,0,0,0,0,0,1.88,0.909,0.313,0.333,0.333,0.25,0,48.48,9.09,18.18,24.24,0,11.64,10.6,12.09,10,57.58,42.42,0,0,0.316,0.286,0,53.33,20,26.67,21.21,21.21,18.18,36.36,0,3.03,0,0.143,0.286,0.167,0.417,0,1,0
Walter Lemon Jr.,PG,26,CHI,6,3,167,11,25.3,0.437,0.6,1.5,0.4,10.5,23.8,0.439,2.3,3.2,0.727,1.2,6.7,7.8,8.7,3.2,0.3,2.9,4.1,25,98,110,16.3,0.468,0.057,0.126,2.6,15.1,8.8,30.3,3.2,0.5,9.8,26.6,-0.1,0.2,0.1,0.026,-1.5,0.1,-1.4,0,6,1.33,10,2,1.17,1.67,5.17,3.17,4.33,0.989,0.458,0.556,0.286,0.4,0,67.82,10.34,16.09,5.75,0,6.59,5.42,7.49,26.32,35.63,63.22,1.15,0,0.355,0.473,1,83.72,6.98,9.3,5.75,20.69,13.79,59.77,0,0,0,0.4,0.333,0.333,0.5,0,0,0
Wendell Carter Jr.,C,19,CHI,44,44,1110,7.9,16.2,0.485,0.3,1.4,0.188,7.6,14.8,0.513,3.9,4.9,0.795,3.8,9.6,13.4,3.4,1.1,2.5,2.8,6.6,19.9,107,110,15.2,0.541,0.086,0.302,8.4,21.8,15,10.7,1.1,4.5,13.4,19.1,0.7,1.2,1.9,0.08,-2.4,1.8,-0.5,0.4,44,0.66,6.45,1.48,1.66,3.57,1.95,3.39,1.39,1.226,0.596,0.391,0.359,0.188,0,56.06,24.8,10.51,8.63,0,7.95,5.47,10.29,78.33,57.68,26.95,11.86,3.5,0.355,0.56,0.955,76.48,3.96,19.56,4.85,24.53,22.91,43.94,1.08,2.7,0,0.222,0.352,0.4,0.663,0,0.2,0
Wesley Iwundu,SF,24,ORL,68,13,1233,4.5,10.9,0.412,1.2,3.1,0.367,3.3,7.7,0.431,3.3,4.1,0.816,1.5,5.8,7.3,2.9,1.1,0.9,1.7,4.9,13.5,107,110,8.7,0.531,0.288,0.376,3.2,13,8,7.9,1.1,1.5,12.1,12.8,0.5,1.4,1.9,0.073,-3.4,0.7,-2.7,-0.2,,,,,,,,,,,,,,,,,,,,,,,,,,,,,,,,,,,,,,,,,,,,,,,,
Willy Hernangomez,C,24,CHO,58,3,812,9.2,17.7,0.519,0.9,2.3,0.385,8.3,15.3,0.539,6,8.6,0.694,7,11.6,18.6,3.6,1,1.2,3.5,5.9,25.2,118,111,20.4,0.587,0.132,0.488,15.3,26.3,20.7,11.5,1,2.1,13.9,22.1,1.8,0.8,2.6,0.153,0.2,-0.4,-0.2,0.4,58,0.43,4.59,0.66,2.12,2.02,1.5,2.09,1.6,1.422,0.548,0.545,0,0.385,0,77.7,7.43,1.69,13.18,0,5.84,4.58,7.2,69.28,37.16,40.54,9.12,13.18,0.436,0.533,0.889,65.56,10.69,23.75,11.49,4.73,19.59,62.5,1.35,0.34,0,0.382,0.357,0.448,0.578,0.5,0,0
